Uid,ClusterId,Categories
183219009880065,1,"4100,1003,101,"
183219009880065,1,"4100,1003,10000000,"
183219009880065,1,"4100,1003,10939072,"
183219009880065,1,"4100,1003,3970321,"
183219009880065,1,"4100,1003,10942001,"
183219009880065,1,"4100,1003,10018165,"
183219009880065,1,"4100,1003,10018166,"
183219009880065,1,"4100,1003,10018167,"
183219009880065,1,"4100,1003,10018168,"
183219009880065,1,"4100,1003,10018169,"
183219009880065,1,"4100,1003,10018170,"
183219009880065,1,"4100,1003,10018171,"
183219009880065,1,"4100,1003,10018172,"
183219009880065,1,"4100,1003,10018173,"
183219009880065,1,"4100,1003,10018174,"
183219009880065,1,"4100,1003,10018175,"
183219009880065,1,"4100,1003,10018176,"
183219009880065,1,"4100,1003,10018177,"
183219009880065,1,"4100,1003,10018178,"
183219009880065,1,"4100,1003,10018179,"
183219009880065,1,"4100,1003,10018180,"
183219009880065,1,"4100,1003,10018181,"
183219009880065,1,"4100,1003,10018182,"
183219009880065,1,"4100,1003,10018183,"
183219009880065,1,"4100,1003,10018184,"
183219009880065,1,"4100,1003,10018185,"
183219009880065,1,"4100,1003,10018188,"
183219009880065,1,"4100,1003,10017324,"
183219009880065,1,"4100,1003,10017325,"
183219009880065,1,"4100,1003,10017326,"
183219009880065,1,"4100,1003,10017327,"
183219009880065,1,"4100,1003,10017328,"
183219009880065,1,"4100,1003,10017329,"
183219009880065,1,"4100,1003,10017330,"
183219009880065,1,"4100,1003,10017331,"
183219009880065,1,"4100,1003,10017332,"
183219009880065,1,"4100,1003,10017333,"
183219009880065,1,"4100,1003,10017334,"
183219009880065,1,"4100,1003,10017335,"
183219009880065,1,"4100,1003,10017336,"
183219009880065,1,"4100,1003,10018218,"
183219009880065,1,"4100,1003,10018220,"
183219009880065,1,"4100,1003,10018221,"
183219009880065,1,"4100,1003,10018222,"
183219009880065,1,"4100,1003,10018223,"
183219009880065,1,"4100,1003,10018224,"
183219009880065,1,"4100,1003,10018225,"
183219009880065,1,"4100,1003,10018226,"
183219009880065,1,"4100,1003,10018227,"
183219009880065,1,"4100,1003,10018228,"
183219009880065,1,"4100,1003,10018229,"
183219009880065,1,"4100,1003,10018230,"
183219009880065,1,"4100,1003,10018231,"
183219009880065,1,"4100,1003,10018233,"
183219009880065,1,"4100,1003,10018234,"
183219009880065,1,"4100,1003,10018235,"
183219009880065,1,"4100,1003,10018236,"
183219009880065,1,"4100,1003,10018237,"
183219009880065,1,"4100,1003,10018238,"
183219009880065,1,"4100,1003,10018239,"
183219009880065,1,"4100,1003,10018240,"
183219009880065,1,"4100,1003,10018241,"
183219009880065,1,"4100,1003,10018242,"
183219009880065,1,"4100,1003,10018243,"
183219009880065,1,"4100,1003,10017476,"
183219009880065,1,"4100,1003,10017477,"
183219009880065,1,"4100,1003,10017479,"
183219009880065,1,"4100,1003,10017480,"
183219009880065,1,"4100,1003,10017481,"
183219009880065,1,"4100,1003,10017482,"
183219009880065,1,"4100,1003,10017483,"
183219009880065,1,"4100,1003,10017484,"
183219009880065,1,"4100,1003,10017485,"
183219009880065,1,"4100,1003,10017486,"
183219009880065,1,"4100,1003,10017487,"
183219009880065,1,"4100,1003,10017488,"
183219009880065,1,"4100,1003,10017489,"
183219009880065,1,"4100,1003,10017490,"
183219009880065,1,"4100,1003,10017491,"
183219009880065,1,"4100,1003,10017337,"
183219009880065,1,"4100,1003,10017338,"
183219009880065,1,"4100,1003,10017339,"
183219009880065,1,"4100,1003,10017340,"
183219009880065,1,"4100,1003,10017341,"
183219009880065,1,"4100,1003,10017342,"
183219009880065,1,"4100,1003,10017343,"
183219009880065,1,"4100,1003,10017344,"
183219009880065,1,"4100,1003,10017345,"
183219009880065,1,"4100,1003,10017346,"
183219009880065,1,"4100,1003,10017347,"
183219009880065,1,"4100,1003,10017348,"
183219009880065,1,"4100,1003,10017349,"
183219009880065,1,"4100,1003,10017350,"
183219009880065,1,"4100,1003,10017351,"
183219009880065,1,"4100,1003,10017352,"
183219009880065,1,"4100,1003,10017353,"
183219009880065,1,"4100,1003,10017354,"
183219009880065,1,"4100,1003,10017355,"
183219009880065,1,"4100,1003,10017356,"
183219009880065,1,"4100,1003,10017357,"
183219009880065,1,"4100,1003,10017358,"
183219009880065,1,"4100,1003,10017359,"
183219009880065,1,"4100,1003,10017360,"
183219009880065,1,"4100,1003,10017361,"
183219009880065,1,"4100,1003,10017362,"
183219009880065,1,"4100,1003,10017364,"
183219009880065,1,"4100,1003,10017366,"
183219009880065,1,"4100,1003,10017367,"
183219009880065,1,"4100,1003,10017368,"
183219009880065,1,"4100,1003,10017369,"
183219009880065,1,"4100,1003,10017370,"
183219009880065,1,"4100,1003,10017371,"
183219009880065,1,"4100,1003,10017372,"
183219009880065,1,"4100,1003,10017373,"
183219009880065,1,"4100,1003,10017374,"
183219009880065,1,"4100,1003,10017375,"
183219009880065,1,"4100,1003,10017376,"
183219009880065,1,"4100,1003,10017377,"
183219009880065,1,"4100,1003,10017378,"
183219009880065,1,"4100,1003,10017386,"
183219009880065,1,"4100,1003,10017388,"
183219009880065,1,"4100,1003,10017390,"
183219009880065,1,"4100,1003,10017396,"
183219009880065,1,"4100,1003,10676836,"
183219009880065,1,"4100,1003,10676837,"
183219009880065,1,"4100,1003,10676838,"
183219009880065,1,"4100,1003,10676839,"
183219009880065,1,"4100,1003,10676840,"
183219009880065,1,"4100,1003,10676841,"
183219009880065,1,"4100,1003,10676842,"
183219009880065,1,"4100,1003,10676843,"
183219009880065,1,"4100,1003,10676844,"
183219009880065,1,"4100,1003,10676845,"
183219009880065,1,"4100,1003,10676846,"
183219009880065,1,"4100,1003,10676847,"
183219009880065,1,"4100,1003,10676848,"
183219009880065,1,"4100,1003,10676849,"
183219009880065,1,"4100,1003,10676850,"
183219009880065,1,"4100,1003,10676851,"
183219009880065,1,"4100,1003,10676852,"
183219009880065,1,"4100,1003,10676853,"
183219009880065,1,"4100,1003,10676854,"
183219009880065,1,"4100,1003,10676855,"
183219009880065,1,"4100,1003,10676856,"
183219009880065,1,"4100,1003,10676857,"
183219009880065,1,"4100,1003,10676858,"
183219009880065,1,"4100,1003,10676859,"
183219009880065,1,"4100,1003,10676980,"
183219009880065,1,"4100,1003,10018158,"
183219009880065,1,"4100,1003,10017915,"
183219009880065,1,"4100,1003,10018057,"
183219009880065,1,"4100,1003,10018054,"
183219009880065,1,"4100,1003,10017560,"
183219009880065,1,"4100,1003,10017563,"
183219009880065,1,"4100,1003,10017565,"
183219009880065,1,"4100,1003,10017566,"
183219009880065,1,"4100,1003,10017567,"
183219009880065,1,"4100,1003,10017568,"
183219009880065,1,"4100,1003,10017569,"
183219009880065,1,"4100,1003,10017570,"
183219009880065,1,"4100,1003,10017572,"
183219009880065,1,"4100,1003,10017575,"
183219009880065,1,"4100,1003,10017576,"
183219009880065,1,"4100,1003,10017577,"
183219009880065,1,"4100,1003,32317821,"
183219009880065,1,"4100,1003,35783147,"
183219009880065,1,"4100,1003,10017583,"
183219009880065,1,"4100,1003,10017597,"
183219009880065,1,"4100,1003,10017598,"
183219009880065,1,"4100,1003,10017599,"
183219009880065,1,"4100,1003,10017600,"
183219009880065,1,"4100,1003,10017601,"
183219009880065,1,"4100,1003,10017602,"
183219009880065,1,"4100,1003,10018244,"
183219009880065,1,"4100,1003,10018245,"
183219009880065,1,"4100,1003,10018246,"
183219009880065,1,"4100,1003,10018247,"
183219009880065,1,"4100,1003,10018009,"
183219009880065,1,"4100,1003,10677046,"
183219009880065,1,"4100,1003,10677047,"
183219009880065,1,"4100,1003,10677048,"
183219009880065,1,"4100,1003,10677049,"
183219009880065,1,"4100,1003,10677050,"
183219009880065,1,"4100,1003,10677051,"
183219009880065,1,"4100,1003,10677052,"
183219009880065,1,"4100,1003,10677053,"
183219009880065,1,"4100,1003,10677054,"
183219009880065,1,"4100,1003,10677055,"
183219009880065,1,"4100,1003,10677056,"
183219009880065,1,"4100,1003,10677057,"
183219009880065,1,"4100,1003,10677058,"
183219009880065,1,"4100,1003,10677059,"
183219009880065,1,"4100,1003,10677060,"
183219009880065,1,"4100,1003,10677061,"
183219009880065,1,"4100,1003,10677062,"
183219009880065,1,"4100,1003,10677063,"
183219009880065,1,"4100,1003,10677064,"
183219009880065,1,"4100,1003,10677065,"
183219009880065,1,"4100,1003,10677066,"
183219009880065,1,"4100,1003,10677067,"
183219009880065,1,"4100,1003,10677068,"
183219009880065,1,"4100,1003,10677069,"
183219009880065,1,"4100,1003,10677070,"
183219009880065,1,"4100,1003,10677071,"
183219009880065,1,"4100,1003,10677072,"
183219009880065,1,"4100,1003,10677073,"
183219009880065,1,"4100,1003,10677074,"
183219009880065,1,"4100,1003,10677075,"
183219009880065,1,"4100,1003,10677076,"
183219009880065,1,"4100,1003,10677077,"
183219009880065,1,"4100,1003,10676981,"
183219009880065,1,"4100,1003,10676982,"
183219009880065,1,"4100,1003,11893894,"
183219009880065,1,"4100,1003,11893895,"
183219009880065,1,"4100,1003,11893896,"
183219009880065,1,"4100,1003,11893897,"
183219009880065,1,"4100,1003,11893898,"
183219009880065,1,"4100,1003,10938818,"
183219009880065,1,"4100,1003,10938819,"
183219009880065,1,"4100,1003,10938820,"
183219009880065,1,"4100,1003,10938821,"
183219009880065,1,"4100,1003,10938822,"
183219009880065,1,"4100,1003,10938823,"
183219009880065,1,"4100,1003,10938824,"
183219009880065,1,"4100,1003,10938825,"
183219009880065,1,"4100,1003,12657769,"
183219009880065,1,"4100,1003,10676983,"
183219009880065,1,"4100,1003,10676984,"
183219009880065,1,"4100,1003,10676985,"
183219009880065,1,"4100,1003,10676986,"
183219009880065,1,"4100,1003,10676987,"
183219009880065,1,"4100,1003,10676988,"
183219009880065,1,"4100,1003,10676989,"
183219009880065,1,"4100,1003,10676990,"
183219009880065,1,"4100,1003,10676991,"
183219009880065,1,"4100,1003,10676992,"
183219009880065,1,"4100,1003,10676993,"
183219009880065,1,"4100,1003,10676994,"
183219009880065,1,"4100,1003,10676995,"
183219009880065,1,"4100,1003,10676996,"
183219009880065,1,"4100,1003,10676997,"
183219009880065,1,"4100,1003,10676998,"
183219009880065,1,"4100,1003,10676999,"
183219009880065,1,"4100,1003,10677000,"
183219009880065,1,"4100,1003,10677001,"
183219009880065,1,"4100,1003,10677002,"
183219009880065,1,"4100,1003,10677003,"
183219009880065,1,"4100,1003,10677004,"
183219009880065,1,"4100,1003,10677005,"
183219009880065,1,"4100,1003,10677006,"
183219009880065,1,"4100,1003,10677007,"
183219009880065,1,"4100,1003,10677008,"
183219009880065,1,"4100,1003,10677009,"
183219009880065,1,"4100,1003,10677010,"
183219009880065,1,"4100,1003,10677011,"
183219009880065,1,"4100,1003,10677012,"
183219009880065,1,"4100,1003,10677013,"
183219009880065,1,"4100,1003,10677014,"
183219009880065,1,"4100,1003,10677015,"
183219009880065,1,"4100,1003,10677016,"
183219009880065,1,"4100,1003,10677017,"
183219009880065,1,"4100,1003,10677018,"
183219009880065,1,"4100,1003,10677019,"
183219009880065,1,"4100,1003,10677020,"
183219009880065,1,"4100,1003,10677021,"
183219009880065,1,"4100,1003,10677023,"
183219009880065,1,"4100,1003,10677024,"
183219009880065,1,"4100,1003,10677025,"
183219009880065,1,"4100,1003,10677026,"
183219009880065,1,"4100,1003,10677027,"
183219009880065,1,"4100,1003,10677028,"
183219009880065,1,"4100,1003,10677029,"
183219009880065,1,"4100,1003,10677030,"
183219009880065,1,"4100,1003,10677031,"
183219009880065,1,"4100,1003,10677032,"
183219009880065,1,"4100,1003,10677033,"
183219009880065,1,"4100,1003,10677034,"
183219009880065,1,"4100,1003,10677035,"
183219009880065,1,"4100,1003,10677036,"
183219009880065,1,"4100,1003,10677037,"
183219009880065,1,"4100,1003,10677038,"
183219009880065,1,"4100,1003,10677039,"
183219009880065,1,"4100,1003,10677040,"
183219009880065,1,"4100,1003,10677041,"
183219009880065,1,"4100,1003,10677042,"
183219009880065,1,"4100,1003,10677043,"
183219009880065,1,"4100,1003,10677044,"
183219009880065,1,"4100,1003,10677045,"
183219009880065,1,"4100,1003,10942002,"
183219009880065,1,"4100,1003,10942088,"
183219009880065,1,"4100,1003,10942089,"
183219009880065,1,"4100,1003,11017010,"
183219009880065,1,"4100,1003,11017011,"
183219009880065,1,"4100,1003,11017012,"
183219009880065,1,"4100,1003,11017013,"
183219009880065,1,"4100,1003,11017014,"
183219009880065,1,"4100,1003,10676830,"
183219009880065,1,"4100,1003,10676831,"
183219009880065,1,"4100,1003,10676832,"
183219009880065,1,"4100,1003,10676833,"
183219009880065,1,"4100,1003,10676834,"
183219009880065,1,"4100,1003,10676835,"
183219009880065,1,"4100,1003,10654288,"
183219009880065,1,"4100,1003,10654289,"
183219009880065,1,"4100,1003,10654870,"
183219009880065,1,"4100,1003,10654871,"
183219009880065,1,"4100,1003,10654872,"
183219009880065,1,"4100,1003,10654873,"
183219009880065,1,"4100,1003,10654874,"
183219009880065,1,"4100,1003,10654875,"
183219009880065,1,"4100,1003,10654876,"
183219009880065,1,"4100,1003,10654877,"
183219009880065,1,"4100,1003,10654878,"
183219009880065,1,"4100,1003,10654879,"
183219009880065,1,"4100,1003,10654880,"
183219009880065,1,"4100,1003,10654881,"
183219009880065,1,"4100,1003,10677078,"
183219009880065,1,"4100,1003,10677079,"
183219009880065,1,"4100,1003,10677080,"
183219009880065,1,"4100,1003,10677081,"
183219009880065,1,"4100,1003,10677082,"
183219009880065,1,"4100,1003,10677083,"
183219009880065,1,"4100,1003,10677084,"
183219009880065,1,"4100,1003,10677085,"
183219009880065,1,"4100,1003,10677086,"
183219009880065,1,"4100,1003,10677087,"
183219009880065,1,"4100,1003,10677088,"
183219009880065,1,"4100,1003,10677089,"
183219009880065,1,"4100,1003,10677090,"
183219009880065,1,"4100,1003,10677091,"
183219009880065,1,"4100,1003,10677092,"
183219009880065,1,"4100,1003,10677093,"
183219009880065,1,"4100,1003,10677094,"
183219009880065,1,"4100,1003,10677095,"
183219009880065,1,"4100,1003,10677096,"
183219009880065,1,"4100,1003,10677097,"
183219009880065,1,"4100,1003,10677098,"
183219009880065,1,"4100,1003,10677099,"
183219009880065,1,"4100,1003,10938200,"
183219009880065,1,"4100,1003,10938201,"
183219009880065,1,"4100,1003,10938202,"
183219009880065,1,"4100,1003,10938203,"
183219009880065,1,"4100,1003,10938204,"
183219009880065,1,"4100,1003,10938205,"
183219009880065,1,"4100,1003,10938206,"
183219009880065,1,"4100,1003,10938207,"
183219009880065,1,"4100,1003,10938208,"
183219009880065,1,"4100,1003,10938209,"
183219009880065,1,"4100,1003,10938210,"
183219009880065,1,"4100,1003,10938211,"
183219009880065,1,"4100,1003,10938212,"
183219009880065,1,"4100,1003,10938213,"
183219009880065,1,"4100,1003,10938214,"
183219009880065,1,"4100,1003,10938215,"
183219009880065,1,"4100,1003,10938216,"
183219009880065,1,"4100,1003,10938217,"
183219009880065,1,"4100,1003,10938218,"
183219009880065,1,"4100,1003,10938415,"
183219009880065,1,"4100,1003,10938416,"
183219009880065,1,"4100,1003,10938417,"
183219009880065,1,"4100,1003,10938418,"
183219009880065,1,"4100,1003,10938419,"
183219009880065,1,"4100,1003,10938800,"
183219009880065,1,"4100,1003,10938801,"
183219009880065,1,"4100,1003,10938803,"
183219009880065,1,"4100,1003,10938804,"
183219009880065,1,"4100,1003,10938805,"
183219009880065,1,"4100,1003,10938806,"
183219009880065,1,"4100,1003,10938807,"
183219009880065,1,"4100,1003,10938808,"
183219009880065,1,"4100,1003,10938809,"
183219009880065,1,"4100,1003,10938810,"
183219009880065,1,"4100,1003,10938811,"
183219009880065,1,"4100,1003,10938812,"
183219009880065,1,"4100,1003,10938813,"
183219009880065,1,"4100,1003,10654882,"
183219009880065,1,"4100,1003,10654883,"
183219009880065,1,"4100,1003,10654884,"
183219009880065,1,"4100,1003,10654885,"
183219009880065,1,"4100,1003,10654886,"
183219009880065,1,"4100,1003,10654887,"
183219009880065,1,"4100,1003,10654888,"
183219009880065,1,"4100,1003,10627646,"
183219009880065,1,"4100,1003,10676605,"
183219009880065,1,"4100,1003,10676606,"
183219009880065,1,"4100,1003,10676607,"
183219009880065,1,"4100,1003,10676608,"
183219009880065,1,"4100,1003,10676609,"
183219009880065,1,"4100,1003,10676800,"
183219009880065,1,"4100,1003,10676801,"
183219009880065,1,"4100,1003,10676802,"
183219009880065,1,"4100,1003,10676803,"
183219009880065,1,"4100,1003,10676804,"
183219009880065,1,"4100,1003,10676805,"
183219009880065,1,"4100,1003,10676806,"
183219009880065,1,"4100,1003,10676807,"
183219009880065,1,"4100,1003,10676808,"
183219009880065,1,"4100,1003,10676809,"
183219009880065,1,"4100,1003,10676810,"
183219009880065,1,"4100,1003,10676811,"
183219009880065,1,"4100,1003,10676812,"
183219009880065,1,"4100,1003,10676813,"
183219009880065,1,"4100,1003,10676814,"
183219009880065,1,"4100,1003,10676815,"
183219009880065,1,"4100,1003,10676816,"
183219009880065,1,"4100,1003,10676818,"
183219009880065,1,"4100,1003,10676819,"
183219009880065,1,"4100,1003,10676820,"
183219009880065,1,"4100,1003,10676821,"
183219009880065,1,"4100,1003,10676822,"
183219009880065,1,"4100,1003,10676823,"
183219009880065,1,"4100,1003,10676824,"
183219009880065,1,"4100,1003,10676825,"
183219009880065,1,"4100,1003,10676826,"
183219009880065,1,"4100,1003,10676827,"
183219009880065,1,"4100,1003,10676828,"
183219009880065,1,"4100,1003,10676829,"
183219009880065,1,"4100,1003,35780940,"
183219009880065,1,"4100,1003,35780941,"
183219009880065,1,"4100,1003,35780942,"
183219009880065,1,"4100,1003,35780943,"
183219009880065,1,"4100,1003,35780944,"
183219009880065,1,"4100,1003,35780945,"
183219009880065,1,"4100,1003,35780946,"
183219009880065,1,"4100,1003,35780947,"
183219009880065,1,"4100,1003,35780948,"
183219009880065,1,"4100,1003,35780949,"
183219009880065,1,"4100,1003,35780950,"
183219009880065,1,"4100,1003,35780951,"
183219009880065,1,"4100,1003,35780952,"
183219009880065,1,"4100,1003,35780953,"
183219009880065,1,"4100,1003,35780954,"
183219009880065,1,"4100,1003,35780955,"
183219009880065,1,"4100,1003,35780956,"
183219009880065,1,"4100,1003,35780957,"
183219009880065,1,"4100,1003,35780958,"
183219009880065,1,"4100,1003,35780959,"
183219009880065,1,"4100,1003,35780960,"
183219009880065,1,"4100,1003,35780961,"
183219009880065,1,"4100,1003,10938814,"
183219009880065,1,"4100,1003,10938815,"
183219009880065,1,"4100,1003,10938816,"
183219009880065,1,"4100,1003,10938817,"
183219009880065,1,"4100,1003,11987318,"
183219009880065,1,"4100,1003,11987319,"
183219009880065,1,"4100,1003,11987390,"
183219009880065,1,"4100,1003,11987391,"
183219009880065,1,"4100,1003,11987392,"
183219009880065,1,"4100,1003,11987393,"
183219009880065,1,"4100,1003,11987394,"
183219009880065,1,"4100,1003,11987395,"
183219009880065,1,"4100,1003,11987396,"
183219009880065,1,"4100,1003,11987397,"
183219009880065,1,"4100,1003,11987398,"
183219009880065,1,"4100,1003,11987399,"
183219009880065,1,"4100,1003,11987400,"
183219009880065,1,"4100,1003,11987401,"
183219009880065,1,"4100,1003,11987402,"
183219009880065,1,"4100,1003,11987403,"
183219009880065,1,"4100,1003,11987404,"
183219009880065,1,"4100,1003,11987405,"
183219009880065,1,"4100,1003,11987406,"
183219009880065,1,"4100,1003,10018266,"
183219009880065,1,"4100,1003,10018267,"
183219009880065,1,"4100,1003,10018269,"
183219009880065,1,"4100,1003,10018270,"
183219009880065,1,"4100,1003,10673327,"
183219009880065,1,"4100,1003,35780962,"
183219009880065,1,"4100,1003,11988635,"
183219009880065,1,"4100,1003,11988636,"
183219009880065,1,"4100,1003,11988637,"
183219009880065,1,"4100,1003,11988638,"
183219009880065,1,"4100,1003,11988639,"
183219009880065,1,"4100,1003,11988830,"
183219009880065,1,"4100,1003,11988831,"
183219009880065,1,"4100,1003,11988832,"
183219009880065,1,"4100,1003,11988833,"
183219009880065,1,"4100,1003,11988834,"
183219009880065,1,"4100,1003,11988835,"
183219009880065,1,"4100,1003,11988836,"
183219009880065,1,"4100,1003,11988837,"
183219009880065,1,"4100,1003,11988838,"
183219009880065,1,"4100,1003,11988839,"
183219009880065,1,"4100,1003,11988840,"
183219009880065,1,"4100,1003,10940400,"
183219009880065,1,"4100,1003,10940401,"
183219009880065,1,"4100,1003,10940402,"
183219009880065,1,"4100,1003,10940403,"
183219009880065,1,"4100,1003,10940404,"
183219009880065,1,"4100,1003,10940405,"
183219009880065,1,"4100,1003,10940406,"
183219009880065,1,"4100,1003,10940407,"
183219009880065,1,"4100,1003,10940408,"
183219009880065,1,"4100,1003,10940409,"
183219009880065,1,"4100,1003,10940410,"
183219009880065,1,"4100,1003,10940411,"
183219009880065,1,"4100,1003,10940412,"
183219009880065,1,"4100,1003,10940414,"
183219009880065,1,"4100,1003,25629393,"
183219009880065,1,"4100,1003,25629394,"
183219009880065,1,"4100,1003,25629395,"
183219009880065,1,"4100,1003,25629396,"
183219009880065,1,"4100,1003,25629397,"
183219009880065,1,"4100,1003,25629398,"
183219009880065,1,"4100,1003,25629399,"
183219009880065,1,"4100,1003,26883280,"
183219009880065,1,"4100,1003,26883281,"
183219009880065,1,"4100,1003,26883282,"
183219009880065,1,"4100,1003,26883283,"
183219009880065,1,"4100,1003,35843220,"
183219009880065,1,"4100,1003,35843222,"
183219009880065,1,"4100,1003,35843223,"
183219009880065,1,"4100,1003,35843224,"
183219009880065,1,"4100,1003,35843225,"
183219009880065,1,"4100,1003,35843226,"
183219009880065,1,"4100,1003,35843227,"
183219009880065,1,"4100,1003,35843228,"
183219009880065,1,"4100,1003,35843229,"
183219009880065,1,"4100,1003,35843230,"
183219009880065,1,"4100,1003,35843231,"
183219009880065,1,"4100,1003,35843232,"
183219009880065,1,"4100,1003,35843233,"
183219009880065,1,"4100,1003,35843234,"
183219009880065,1,"4100,1003,35843235,"
183219009880065,1,"4100,1003,35843236,"
183219009880065,1,"4100,1003,35843237,"
183219009880065,1,"4100,1003,35843238,"
183219009880065,1,"4100,1003,35843239,"
183219009880065,1,"4100,1003,35843240,"
183219009880065,1,"4100,1003,35843241,"
183219009880065,1,"4100,1003,35843242,"
183219009880065,1,"4100,1003,35843243,"
183219009880065,1,"4100,1003,35843244,"
183219009880065,1,"4100,1003,35843245,"
183219009880065,1,"4100,1003,35843246,"
183219009880065,1,"4100,1003,35843247,"
183219009880065,1,"4100,1003,35843248,"
183219009880065,1,"4100,1003,35843249,"
183219009880065,1,"4100,1003,35843250,"
183219009880065,1,"4100,1003,35843251,"
183219009880065,1,"4100,1003,35843252,"
183219009880065,1,"4100,1003,35843253,"
183219009880065,1,"4100,1003,35843254,"
183219009880065,1,"4100,1003,35843255,"
183219009880065,1,"4100,1003,35843256,"
183219009880065,1,"4100,1003,35843257,"
183219009880065,1,"4100,1003,35843258,"
183219009880065,1,"4100,1003,35843259,"
183219009880065,1,"4100,1003,35843260,"
183219009880065,1,"4100,1003,35843261,"
183219009880065,1,"4100,1003,35843262,"
183219009880065,1,"4100,1003,35843263,"
183219009880065,1,"4100,1003,35843266,"
183219009880065,1,"4100,1003,35843267,"
183219009880065,1,"4100,1003,35845803,"
183219009880065,1,"4100,1003,35845804,"
183219009880065,1,"4100,1003,35845805,"
183219009880065,1,"4100,1003,26883290,"
183219009880065,1,"4100,1003,26883291,"
183219009880065,1,"4100,1003,26883292,"
183219009880065,1,"4100,1003,26883293,"
183219009880065,1,"4100,1003,26883294,"
183219009880065,1,"4100,1003,26883295,"
183219009880065,1,"4100,1003,26883296,"
183219009880065,1,"4100,1003,26883297,"
183219009880065,1,"4100,1003,26883298,"
183219009880065,1,"4100,1003,35884740,"
183219009880065,1,"4100,1003,35884741,"
183219009880065,1,"4100,1003,35884742,"
183219009880065,1,"4100,1003,35884743,"
183219009880065,1,"4100,1003,35884744,"
183219009880065,1,"4100,1003,35884745,"
183219009880065,1,"4100,1003,35884746,"
183219009880065,1,"4100,1003,35884747,"
183219009880065,1,"4100,1003,35884748,"
183219009880065,1,"4100,1003,35884749,"
183219009880065,1,"4100,1003,35884750,"
183219009880065,1,"4100,1003,35884751,"
183219009880065,1,"4100,1003,35884752,"
183219009880065,1,"4100,1003,35884753,"
183219009880065,1,"4100,1003,35884754,"
183219009880065,1,"4100,1003,35884755,"
183219009880065,1,"4100,1003,35884756,"
183219009880065,1,"4100,1003,35884757,"
183219009880065,1,"4100,1003,35884758,"
183219009880065,1,"4100,1003,35884759,"
183219009880065,1,"4100,1003,35884760,"
183219009880065,1,"4100,1003,35884761,"
183219009880065,1,"4100,1003,35884762,"
183219009880065,1,"4100,1003,35884763,"
183219009880065,1,"4100,1003,35884764,"
183219009880065,1,"4100,1003,35884765,"
183219009880065,1,"4100,1003,35884766,"
183219009880065,1,"4100,1003,35884767,"
183219009880065,1,"4100,1003,35884768,"
183219009880065,1,"4100,1003,35884769,"
183219009880065,1,"4100,1003,35884800,"
183219009880065,1,"4100,1003,35884801,"
183219009880065,1,"4100,1003,35884802,"
183219009880065,1,"4100,1003,35884803,"
183219009880065,1,"4100,1003,10017401,"
183219009880065,1,"4100,1003,11019910,"
183219009880065,1,"4100,1003,11019911,"
183219009880065,1,"4100,1003,35884804,"
183219009880065,1,"4100,1003,35884805,"
183219009880065,1,"4100,1003,35884806,"
183219009880065,1,"4100,1003,35884807,"
183219009880065,1,"4100,1003,35884808,"
183219009880065,1,"4100,1003,35884809,"
183219009880065,1,"4100,1003,35884810,"
183219009880065,1,"4100,1003,35884811,"
183219009880065,1,"4100,1003,35884812,"
183219009880065,1,"4100,1003,35884813,"
183219009880065,1,"4100,1003,35884814,"
183219009880065,1,"4100,1003,35885350,"
183219009880065,1,"4100,1003,35885351,"
183219009880065,1,"4100,1003,35885352,"
183219009880065,1,"4100,1003,35885353,"
183219009880065,1,"4100,1003,35885354,"
183219009880065,1,"4100,1003,35885355,"
183219009880065,1,"4100,1003,35885356,"
183219009880065,1,"4100,1003,35885357,"
183219009880065,1,"4100,1003,35885358,"
183219009880065,1,"4100,1003,35885359,"
183219009880065,1,"4100,1003,35885360,"
183219009880065,1,"4100,1003,35885361,"
183219009880065,1,"4100,1003,35885362,"
183219009880065,1,"4100,1003,35887561,"
183219009880065,1,"4100,1003,35887562,"
183219009880065,1,"4100,1003,35887563,"
183219009880065,1,"4100,1003,35887564,"
183219009880065,1,"4100,1003,35887565,"
183219009880065,1,"4100,1003,35887566,"
183219009880065,1,"4100,1003,35887567,"
183219009880065,1,"4100,1003,35887568,"
183219009880065,1,"4100,1003,35887569,"
183219009880065,1,"4100,1003,35887740,"
183219009880065,1,"4100,1003,35887741,"
183219009880065,1,"4100,1003,35887742,"
183219009880065,1,"4100,1003,35887743,"
183219009880065,1,"4100,1003,35887744,"
183219009880065,1,"4100,1003,35887745,"
183219009880065,1,"4100,1003,35887746,"
183219009880065,1,"4100,1003,35887747,"
183219009880065,1,"4100,1003,35887748,"
183219009880065,1,"4100,1003,35887749,"
183219009880065,1,"4100,1003,35887750,"
183219009880065,1,"4100,1003,35887751,"
183219009880065,1,"4100,1003,35887752,"
183219009880065,1,"4100,1003,35887753,"
183219009880065,1,"4100,1003,35887754,"
183219009880065,1,"4100,1003,35887755,"
183219009880065,1,"4100,1003,35887756,"
183219009880065,1,"4100,1003,36274793,"
183219009880065,1,"4100,1003,36274794,"
183219009880065,1,"4100,1003,35885364,"
183219009880065,1,"4100,1003,35885365,"
183219009880065,1,"4100,1003,36275660,"
183219009880065,1,"4100,1003,36275661,"
183219009880065,1,"4100,1003,36275662,"
183219009880065,1,"4100,1003,36275663,"
183219009880065,1,"4100,1003,36275664,"
183219009880065,1,"4100,1003,36275665,"
183219009880065,1,"4100,1003,36275666,"
183219009880065,1,"4100,1003,36275667,"
183219009880065,1,"4100,1003,36275668,"
183219009880065,1,"4100,1003,36275669,"
183219009880065,1,"4100,1003,36275670,"
183219009880065,1,"4100,1003,36275671,"
183219009880065,1,"4100,1003,36275672,"
183219009880065,1,"4100,1003,36275673,"
183219009880065,1,"4100,1003,36275674,"
183219009880065,1,"4100,1003,36275675,"
183219009880065,1,"4100,1003,36527460,"
183219009880065,1,"4100,1003,36527461,"
183219009880065,1,"4100,1003,36536130,"
183219009880065,1,"4100,1003,36536131,"
183219009880065,1,"4100,1003,36536132,"
183219009880065,1,"4100,1003,36536133,"
183219009880065,1,"4100,1003,36545341,"
183219009880065,1,"4100,1003,35885363,"
183219009880065,1,"4100,1003,35885548,"
183219009880065,1,"4100,1003,35885549,"
183219009880065,1,"4100,1003,35885740,"
183219009880065,1,"4100,1003,35885741,"
183219009880065,1,"4100,1003,35885742,"
183219009880065,1,"4100,1003,35885743,"
183219009880065,1,"4100,1003,35885744,"
183219009880065,1,"4100,1003,35885745,"
183219009880065,1,"4100,1003,35885746,"
183219009880065,1,"4100,1003,35885747,"
183219009880065,1,"4100,1003,35885748,"
183219009880065,1,"4100,1003,35885749,"
183219009880065,1,"4100,1003,35884818,"
183219009880065,1,"4100,1003,35884819,"
183219009880065,1,"4100,1003,35885340,"
183219009880065,1,"4100,1003,35885341,"
183219009880065,1,"4100,1003,35885342,"
183219009880065,1,"4100,1003,35885343,"
183219009880065,1,"4100,1003,35885344,"
183219009880065,1,"4100,1003,35885345,"
183219009880065,1,"4100,1003,35885346,"
183219009880065,1,"4100,1003,35885347,"
183219009880065,1,"4100,1003,35885348,"
183219009880065,1,"4100,1003,35885349,"
183219009880065,1,"4100,1003,35887940,"
183219009880065,1,"4100,1003,35887941,"
183219009880065,1,"4100,1003,35887942,"
183219009880065,1,"4100,1003,35887943,"
183219009880065,1,"4100,1003,35887944,"
183219009880065,1,"4100,1003,35887945,"
183219009880065,1,"4100,1003,35887946,"
183219009880065,1,"4100,1003,35887947,"
183219009880065,1,"4100,1003,35887948,"
183219009880065,1,"4100,1003,35887949,"
183219009880065,1,"4100,1003,35887950,"
183219009880065,1,"4100,1003,35887951,"
183219009880065,1,"4100,1003,35887952,"
183219009880065,1,"4100,1003,35887953,"
183219009880065,1,"4100,1003,35887954,"
183219009880065,1,"4100,1003,35887955,"
183219009880065,1,"4100,1003,35887956,"
183219009880065,1,"4100,1003,35887957,"
183219009880065,1,"4100,1003,35887958,"
183219009880065,1,"4100,1003,35887959,"
183219009880065,1,"4100,1003,35887960,"
183219009880065,1,"4100,1003,35986925,"
183219009880065,1,"4100,1003,35885366,"
183219009880065,1,"4100,1003,35885367,"
183219009880065,1,"4100,1003,35885368,"
183219009880065,1,"4100,1003,35885369,"
183219009880065,1,"4100,1003,35885540,"
183219009880065,1,"4100,1003,35885541,"
183219009880065,1,"4100,1003,35885542,"
183219009880065,1,"4100,1003,35885543,"
183219009880065,1,"4100,1003,35885544,"
183219009880065,1,"4100,1003,35885545,"
183219009880065,1,"4100,1003,35885546,"
183219009880065,1,"4100,1003,35885547,"
183219009880065,1,"4100,1003,35986926,"
183219009880065,1,"4100,1003,35986927,"
183219009880065,1,"4100,1003,35986928,"
183219009880065,1,"4100,1003,35986929,"
183219009880065,1,"4100,1003,35987190,"
183219009880065,1,"4100,1003,35987191,"
183219009880065,1,"4100,1003,35987192,"
183219009880065,1,"4100,1003,36063634,"
183219009880065,1,"4100,1003,36063635,"
183219009880065,1,"4100,1003,36063636,"
183219009880065,1,"4100,1003,36063637,"
183219009880065,1,"4100,1003,36063638,"
183219009880065,1,"4100,1003,36063639,"
183219009880065,1,"4100,1003,36063640,"
183219009880065,1,"4100,1003,36063641,"
183219009880065,1,"4100,1003,36063642,"
183219009880065,1,"4100,1003,36063643,"
183219009880065,1,"4100,1003,36063644,"
183219009880065,1,"4100,1003,36063645,"
183219009880065,1,"4100,1003,36063646,"
183219009880065,1,"4100,1003,36063647,"
183219009880065,1,"4100,1003,36063648,"
183219009880065,1,"4100,1003,36063649,"
183219009880065,1,"4100,1003,36063650,"
183219009880065,1,"4100,1003,36063651,"
183219009880065,1,"4100,1003,36063572,"
183219009880065,1,"4100,1003,36063573,"
183219009880065,1,"4100,1003,36063574,"
183219009880065,1,"4100,1003,36063575,"
183219009880065,1,"4100,1003,36063576,"
183219009880065,1,"4100,1003,36063577,"
183219009880065,1,"4100,1003,36063578,"
183219009880065,1,"4100,1003,36063579,"
183219009880065,1,"4100,1003,36063600,"
183219009880065,1,"4100,1003,36063601,"
183219009880065,1,"4100,1003,36063602,"
183219009880065,1,"4100,1003,36063603,"
183219009880065,1,"4100,1003,36063604,"
183219009880065,1,"4100,1003,36063605,"
183219009880065,1,"4100,1003,36063606,"
183219009880065,1,"4100,1003,36063607,"
183219009880065,1,"4100,1003,36063608,"
183219009880065,1,"4100,1003,36063609,"
183219009880065,1,"4100,1003,36063610,"
183219009880065,1,"4100,1003,36063611,"
183219009880065,1,"4100,1003,36063612,"
183219009880065,1,"4100,1003,36063613,"
183219009880065,1,"4100,1003,36063614,"
183219009880065,1,"4100,1003,36063615,"
183219009880065,1,"4100,1003,36063616,"
183219009880065,1,"4100,1003,36063617,"
183219009880065,1,"4100,1003,36063618,"
183219009880065,1,"4100,1003,36063619,"
183219009880065,1,"4100,1003,36063620,"
183219009880065,1,"4100,1003,36063621,"
183219009880065,1,"4100,1003,36063622,"
183219009880065,1,"4100,1003,36063623,"
183219009880065,1,"4100,1003,36063624,"
183219009880065,1,"4100,1003,36063652,"
183219009880065,1,"4100,1003,36063653,"
183219009880065,1,"4100,1003,36063654,"
183219009880065,1,"4100,1003,36063655,"
183219009880065,1,"4100,1003,36063656,"
183219009880065,1,"4100,1003,36063657,"
183219009880065,1,"4100,1003,36063658,"
183219009880065,1,"4100,1003,36063659,"
183219009880065,1,"4100,1003,36063660,"
183219009880065,1,"4100,1003,36063661,"
183219009880065,1,"4100,1003,36063662,"
183219009880065,1,"4100,1003,36063663,"
183219009880065,1,"4100,1003,36063664,"
183219009880065,1,"4100,1003,36063665,"
183219009880065,1,"4100,1003,36063666,"
183219009880065,1,"4100,1003,36063667,"
183219009880065,1,"4100,1003,36063668,"
183219009880065,1,"4100,1003,36063670,"
183219009880065,1,"4100,1003,36063671,"
183219009880065,1,"4100,1003,36063672,"
183219009880065,1,"4100,1003,36063673,"
183219009880065,1,"4100,1003,36063674,"
183219009880065,1,"4100,1003,36063675,"
183219009880065,1,"4100,1003,36063676,"
183219009880065,1,"4100,1003,36063677,"
183219009880065,1,"4100,1003,36063678,"
183219009880065,1,"4100,1003,36063679,"
183219009880065,1,"4100,1003,36269810,"
183219009880065,1,"4100,1003,36269811,"
183219009880065,1,"4100,1003,36269812,"
183219009880065,1,"4100,1003,36269813,"
183219009880065,1,"4100,1003,36269814,"
183219009880065,1,"4100,1003,36269815,"
183219009880065,1,"4100,1003,36269816,"
183219009880065,1,"4100,1003,36269817,"
183219009880065,1,"4100,1003,36269818,"
183219009880065,1,"4100,1003,10942087,"
183219009880065,1,"4100,1003,35780963,"
183219009880065,1,"4100,1003,35780964,"
183219009880065,1,"4100,1003,35780965,"
183219009880065,1,"4100,1003,35780966,"
183219009880065,1,"4100,1003,35780967,"
183219009880065,1,"4100,1003,35780968,"
183219009880065,1,"4100,1003,35780969,"
183219009880065,1,"4100,1003,35781000,"
183219009880065,1,"4100,1003,35781001,"
183219009880065,1,"4100,1003,35781002,"
183219009880065,1,"4100,1003,35781003,"
183219009880065,1,"4100,1003,35781004,"
183219009880065,1,"4100,1003,35781005,"
183219009880065,1,"4100,1003,35781006,"
183219009880065,1,"4100,1003,35781007,"
183219009880065,1,"4100,1003,35781008,"
183219009880065,1,"4100,1003,35781009,"
183219009880065,1,"4100,1003,35781010,"
183219009880065,1,"4100,1003,35781011,"
183219009880065,1,"4100,1003,35781012,"
183219009880065,1,"4100,1003,35781013,"
183219009880065,1,"4100,1003,35781014,"
183219009880065,1,"4100,1003,35781015,"
183219009880065,1,"4100,1003,35781016,"
183219009880065,1,"4100,1003,35781017,"
183219009880065,1,"4100,1003,35781018,"
183219009880065,1,"4100,1003,35781019,"
183219009880065,1,"4100,1003,35781020,"
183219009880065,1,"4100,1003,10654966,"
183219009880065,1,"4100,1003,11988633,"
183219009880065,1,"4100,1003,10163664,"
183219009880065,1,"4100,1003,10163665,"
183219009880065,1,"4100,1003,10163666,"
183219009880065,1,"4100,1003,10163667,"
183219009880065,1,"4100,1003,10163668,"
183219009880065,1,"4100,1003,10163669,"
183219009880065,1,"4100,1003,10163680,"
183219009880065,1,"4100,1003,10163681,"
183219009880065,1,"4100,1003,10163682,"
183219009880065,1,"4100,1003,10163683,"
183219009880065,1,"4100,1003,10163684,"
183219009880065,1,"4100,1003,10163685,"
183219009880065,1,"4100,1003,10163686,"
183219009880065,1,"4100,1003,10163687,"
183219009880065,1,"4100,1003,10163688,"
183219009880065,1,"4100,1003,10163689,"
183219009880065,1,"4100,1003,10163690,"
183219009880065,1,"4100,1003,10163691,"
183219009880065,1,"4100,1003,10942000,"
183219009880065,1,"4100,1003,10085040,"
183219009880065,1,"4100,1003,10085041,"
183219009880065,1,"4100,1003,10085042,"
183219009880065,1,"4100,1003,10085043,"
183219009880065,1,"4100,1003,10085045,"
183219009880065,1,"4100,1003,10085046,"
183219009880065,1,"4100,1003,10085047,"
183219009880065,1,"4100,1003,10085056,"
183219009880065,1,"4100,1003,10085057,"
183219009880065,1,"4100,1003,10085058,"
183219009880065,1,"4100,1003,10085059,"
183219009880065,1,"4100,1003,10085060,"
183219009880065,1,"4100,1003,10085061,"
183219009880065,1,"4100,1003,10085062,"
183219009880065,1,"4100,1003,10085063,"
183219009880065,1,"4100,1003,10085064,"
183219009880065,1,"4100,1003,10085065,"
183219009880065,1,"4100,1003,10085066,"
183219009880065,1,"4100,1003,10085067,"
183219009880065,1,"4100,1003,10085068,"
183219009880065,1,"4100,1003,10085069,"
183219009880065,1,"4100,1003,10085070,"
183219009880065,1,"4100,1003,10085071,"
183219009880065,1,"4100,1003,10085072,"
183219009880065,1,"4100,1003,10085073,"
183219009880065,1,"4100,1003,10085074,"
183219009880065,1,"4100,1003,10085075,"
183219009880065,1,"4100,1003,10085076,"
183219009880065,1,"4100,1003,10085077,"
183219009880065,1,"4100,1003,10085078,"
183219009880065,1,"4100,1003,10085079,"
183219009880065,1,"4100,1003,10085080,"
183219009880065,1,"4100,1003,10085081,"
183219009880065,1,"4100,1003,10085082,"
183219009880065,1,"4100,1003,10085083,"
183219009880065,1,"4100,1003,10085084,"
183219009880065,1,"4100,1003,10085085,"
183219009880065,1,"4100,1003,10254808,"
183219009880065,1,"4100,1003,10254809,"
183219009880065,1,"4100,1003,10254807,"
183219009880065,1,"4100,1003,10085044,"
183219009880065,1,"4100,1003,10085656,"
183219009880065,1,"4100,1003,10085657,"
183219009880065,1,"4100,1003,10255838,"
183219009880065,1,"4100,1003,10255839,"
183219009880065,1,"4100,1003,10330600,"
183219009880065,1,"4100,1003,10160443,"
183219009880065,1,"4100,1003,10160444,"
183219009880065,1,"4100,1003,10160445,"
183219009880065,1,"4100,1003,10160446,"
183219009880065,1,"4100,1003,10160447,"
183219009880065,1,"4100,1003,10160448,"
183219009880065,1,"4100,1003,10160449,"
183219009880065,1,"4100,1003,10160600,"
183219009880065,1,"4100,1003,10160601,"
183219009880065,1,"4100,1003,10160602,"
183219009880065,1,"4100,1003,10160603,"
183219009880065,1,"4100,1003,10017771,"
183219009880065,1,"4100,1003,10026010,"
183219009880065,1,"4100,1003,10026011,"
183219009880065,1,"4100,1003,10080591,"
183219009880065,1,"4100,1003,10080592,"
183219009880065,1,"4100,1003,10018232,"
183219009880065,1,"4100,1003,10163692,"
183219009880065,1,"4100,1003,10163693,"
183219009880065,1,"4100,1003,10163694,"
183219009880065,1,"4100,1003,10025987,"
183219009880065,1,"4100,1003,10017764,"
183219009880065,1,"4100,1003,10017765,"
183219009880065,1,"4100,1003,10017766,"
183219009880065,1,"4100,1003,10017732,"
183219009880065,1,"4100,1003,10017735,"
183219009880065,1,"4100,1003,10017739,"
183219009880065,1,"4100,1003,10017741,"
183219009880065,1,"4100,1003,10017742,"
183219009880065,1,"4100,1003,10017767,"
183219009880065,1,"4100,1003,10017768,"
183219009880065,1,"4100,1003,10017769,"
183219009880065,1,"4100,1003,10017770,"
183219009880065,1,"4100,1003,10017772,"
183219009880065,1,"4100,1003,10017773,"
183219009880065,1,"4100,1003,10017774,"
183219009880065,1,"4100,1003,10017775,"
183219009880065,1,"4100,1003,10017776,"
183219009880065,1,"4100,1003,10017777,"
183219009880065,1,"4100,1003,10017778,"
183219009880065,1,"4100,1003,10017779,"
183219009880065,1,"4100,1003,10017780,"
183219009880065,1,"4100,1003,10017781,"
183219009880065,1,"4100,1003,10017782,"
183219009880065,1,"4100,1003,10017783,"
183219009880065,1,"4100,1003,10017784,"
183219009880065,1,"4100,1003,10017785,"
183219009880065,1,"4100,1003,10017786,"
183219009880065,1,"4100,1003,10017787,"
183219009880065,1,"4100,1003,10017788,"
183219009880065,1,"4100,1003,10017789,"
183219009880065,1,"4100,1003,10017790,"
183219009880065,1,"4100,1003,10017791,"
183219009880065,1,"4100,1003,10017792,"
183219009880065,1,"4100,1003,10017793,"
183219009880065,1,"4100,1003,10017794,"
183219009880065,1,"4100,1003,10017795,"
183219009880065,1,"4100,1003,10017796,"
183219009880065,1,"4100,1003,10017797,"
183219009880065,1,"4100,1003,10017798,"
183219009880065,1,"4100,1003,10017799,"
183219009880065,1,"4100,1003,10017800,"
183219009880065,1,"4100,1003,10017801,"
183219009880065,1,"4100,1003,10017802,"
183219009880065,1,"4100,1003,10017803,"
183219009880065,1,"4100,1003,10017804,"
183219009880065,1,"4100,1003,10017743,"
183219009880065,1,"4100,1003,10017744,"
183219009880065,1,"4100,1003,10017745,"
183219009880065,1,"4100,1003,10017746,"
183219009880065,1,"4100,1003,10017747,"
183219009880065,1,"4100,1003,10017748,"
183219009880065,1,"4100,1003,10017749,"
183219009880065,1,"4100,1003,10017750,"
183219009880065,1,"4100,1003,10017751,"
183219009880065,1,"4100,1003,10017752,"
183219009880065,1,"4100,1003,10017753,"
183219009880065,1,"4100,1003,10017755,"
183219009880065,1,"4100,1003,10017756,"
183219009880065,1,"4100,1003,10017757,"
183219009880065,1,"4100,1003,10017760,"
183219009880065,1,"4100,1003,10017761,"
183219009880065,1,"4100,1003,10017762,"
183219009880065,1,"4100,1003,10017763,"
183219009880065,1,"4100,1003,10018079,"
183219009880065,1,"4100,1003,10018080,"
183219009880065,1,"4100,1003,10017805,"
183219009880065,1,"4100,1003,10017806,"
183219009880065,1,"4100,1003,10017807,"
183219009880065,1,"4100,1003,10017808,"
183219009880065,1,"4100,1003,10017809,"
183219009880065,1,"4100,1003,10017810,"
183219009880065,1,"4100,1003,10017811,"
183219009880065,1,"4100,1003,10017812,"
183219009880065,1,"4100,1003,10017813,"
183219009880065,1,"4100,1003,10017814,"
183219009880065,1,"4100,1003,10017815,"
183219009880065,1,"4100,1003,10017816,"
183219009880065,1,"4100,1003,10017817,"
183219009880065,1,"4100,1003,10017818,"
183219009880065,1,"4100,1003,10017819,"
183219009880065,1,"4100,1003,10017820,"
183219009880065,1,"4100,1003,10017821,"
183219009880065,1,"4100,1003,10017822,"
183219009880065,1,"4100,1003,10017823,"
183219009880065,1,"4100,1003,10017824,"
183219009880065,1,"4100,1003,10017827,"
183219009880065,1,"4100,1003,10017828,"
183219009880065,1,"4100,1003,10017829,"
183219009880065,1,"4100,1003,10017832,"
183219009880065,1,"4100,1003,10017833,"
183219009880065,1,"4100,1003,10017834,"
183219009880065,1,"4100,1003,10017835,"
183219009880065,1,"4100,1003,10017836,"
183219009880065,1,"4100,1003,10018010,"
183219009880065,1,"4100,1003,10018011,"
183219009880065,1,"4100,1003,10018012,"
183219009880065,1,"4100,1003,10018013,"
183219009880065,1,"4100,1003,10018014,"
183219009880065,1,"4100,1003,10018015,"
183219009880065,1,"4100,1003,10018016,"
183219009880065,1,"4100,1003,10018017,"
183219009880065,1,"4100,1003,10018018,"
183219009880065,1,"4100,1003,10018019,"
183219009880065,1,"4100,1003,10018020,"
183219009880065,1,"4100,1003,10018021,"
183219009880065,1,"4100,1003,10018022,"
183219009880065,1,"4100,1003,10018023,"
183219009880065,1,"4100,1003,10018024,"
183219009880065,1,"4100,1003,10018025,"
183219009880065,1,"4100,1003,10018026,"
183219009880065,1,"4100,1003,10018027,"
183219009880065,1,"4100,1003,10018028,"
183219009880065,1,"4100,1003,10018029,"
183219009880065,1,"4100,1003,10018030,"
183219009880065,1,"4100,1003,10018031,"
183219009880065,1,"4100,1003,10018032,"
183219009880065,1,"4100,1003,10018033,"
183219009880065,1,"4100,1003,10018034,"
183219009880065,1,"4100,1003,10018035,"
183219009880065,1,"4100,1003,10018036,"
183219009880065,1,"4100,1003,10018037,"
183219009880065,1,"4100,1003,10018038,"
183219009880065,1,"4100,1003,10018039,"
183219009880065,1,"4100,1003,10018040,"
183219009880065,1,"4100,1003,10018041,"
183219009880065,1,"4100,1003,10018042,"
183219009880065,1,"4100,1003,10018043,"
183219009880065,1,"4100,1003,10018044,"
183219009880065,1,"4100,1003,10018045,"
183219009880065,1,"4100,1003,10018046,"
183219009880065,1,"4100,1003,10018047,"
183219009880065,1,"4100,1003,10018048,"
183219009880065,1,"4100,1003,10018052,"
183219009880065,1,"4100,1003,10018053,"
183219009880065,1,"4100,1003,10018055,"
183219009880065,1,"4100,1003,10017839,"
183219009880065,1,"4100,1003,10018056,"
183219009880065,1,"4100,1003,10018081,"
183219009880065,1,"4100,1003,10018082,"
183219009880065,1,"4100,1003,10018083,"
183219009880065,1,"4100,1003,10018084,"
183219009880065,1,"4100,1003,10018085,"
183219009880065,1,"4100,1003,10018086,"
183219009880065,1,"4100,1003,10018087,"
183219009880065,1,"4100,1003,10018088,"
183219009880065,1,"4100,1003,10018089,"
183219009880065,1,"4100,1003,10018090,"
183219009880065,1,"4100,1003,10018091,"
183219009880065,1,"4100,1003,10018092,"
183219009880065,1,"4100,1003,10018093,"
183219009880065,1,"4100,1003,10018094,"
183219009880065,1,"4100,1003,10018095,"
183219009880065,1,"4100,1003,10018100,"
183219009880065,1,"4100,1003,10018101,"
183219009880065,1,"4100,1003,10018102,"
183219009880065,1,"4100,1003,10018103,"
183219009880065,1,"4100,1003,10018104,"
183219009880065,1,"4100,1003,10018105,"
183219009880065,1,"4100,1003,10018106,"
183219009880065,1,"4100,1003,10018107,"
183219009880065,1,"4100,1003,10018108,"
183219009880065,1,"4100,1003,10018109,"
183219009880065,1,"4100,1003,10018110,"
183219009880065,1,"4100,1003,10018111,"
183219009880065,1,"4100,1003,10018112,"
183219009880065,1,"4100,1003,10018113,"
183219009880065,1,"4100,1003,10018114,"
183219009880065,1,"4100,1003,10018115,"
183219009880065,1,"4100,1003,10018116,"
183219009880065,1,"4100,1003,10018117,"
183219009880065,1,"4100,1003,10018118,"
183219009880065,1,"4100,1003,10018119,"
183219009880065,1,"4100,1003,10018120,"
183219009880065,1,"4100,1003,10018121,"
183219009880065,1,"4100,1003,10018122,"
183219009880065,1,"4100,1003,10018123,"
183219009880065,1,"4100,1003,10018124,"
183219009880065,1,"4100,1003,10018125,"
183219009880065,1,"4100,1003,10018126,"
183219009880065,1,"4100,1003,10018127,"
183219009880065,1,"4100,1003,10018128,"
183219009880065,1,"4100,1003,10018129,"
183219009880065,1,"4100,1003,10018130,"
183219009880065,1,"4100,1003,10018131,"
183219009880065,1,"4100,1003,10017286,"
183219009880065,1,"4100,1003,10017287,"
183219009880065,1,"4100,1003,10017288,"
183219009880065,1,"4100,1003,10017290,"
183219009880065,1,"4100,1003,10018058,"
183219009880065,1,"4100,1003,10018059,"
183219009880065,1,"4100,1003,10018061,"
183219009880065,1,"4100,1003,10018062,"
183219009880065,1,"4100,1003,10018063,"
183219009880065,1,"4100,1003,10018066,"
183219009880065,1,"4100,1003,10018067,"
183219009880065,1,"4100,1003,10018068,"
183219009880065,1,"4100,1003,10018069,"
183219009880065,1,"4100,1003,10018070,"
183219009880065,1,"4100,1003,10018071,"
183219009880065,1,"4100,1003,10018072,"
183219009880065,1,"4100,1003,10018073,"
183219009880065,1,"4100,1003,10018074,"
183219009880065,1,"4100,1003,10018075,"
183219009880065,1,"4100,1003,10018076,"
183219009880065,1,"4100,1003,10018077,"
183219009880065,1,"4100,1003,10018078,"
183219009880065,1,"4100,1003,10017938,"
183219009880065,1,"4100,1003,10017939,"
183219009880065,1,"4100,1003,10017940,"
183219009880065,1,"4100,1003,10017941,"
183219009880065,1,"4100,1003,10017942,"
183219009880065,1,"4100,1003,10017943,"
183219009880065,1,"4100,1003,10017944,"
183219009880065,1,"4100,1003,10017946,"
183219009880065,1,"4100,1003,10018132,"
183219009880065,1,"4100,1003,10018133,"
183219009880065,1,"4100,1003,10018134,"
183219009880065,1,"4100,1003,10018135,"
183219009880065,1,"4100,1003,10018136,"
183219009880065,1,"4100,1003,10018137,"
183219009880065,1,"4100,1003,10018138,"
183219009880065,1,"4100,1003,10018139,"
183219009880065,1,"4100,1003,10018140,"
183219009880065,1,"4100,1003,10018141,"
183219009880065,1,"4100,1003,10018142,"
183219009880065,1,"4100,1003,10018143,"
183219009880065,1,"4100,1003,10018144,"
183219009880065,1,"4100,1003,10018145,"
183219009880065,1,"4100,1003,10018146,"
183219009880065,1,"4100,1003,10018147,"
183219009880065,1,"4100,1003,10018148,"
183219009880065,1,"4100,1003,10018149,"
183219009880065,1,"4100,1003,10018150,"
183219009880065,1,"4100,1003,10018151,"
183219009880065,1,"4100,1003,10018152,"
183219009880065,1,"4100,1003,10018153,"
183219009880065,1,"4100,1003,10018154,"
183219009880065,1,"4100,1003,10018155,"
183219009880065,1,"4100,1003,10018156,"
183219009880065,1,"4100,1003,10018157,"
183219009880065,1,"4100,1003,10018159,"
183219009880065,1,"4100,1003,10018160,"
183219009880065,1,"4100,1003,10018161,"
183219009880065,1,"4100,1003,10018162,"
183219009880065,1,"4100,1003,10018163,"
183219009880065,1,"4100,1003,10018164,"
183219009880065,1,"4100,1003,10017840,"
183219009880065,1,"4100,1003,10017841,"
183219009880065,1,"4100,1003,10017842,"
183219009880065,1,"4100,1003,10017843,"
183219009880065,1,"4100,1003,10017844,"
183219009880065,1,"4100,1003,10017845,"
183219009880065,1,"4100,1003,10017850,"
183219009880065,1,"4100,1003,10017853,"
183219009880065,1,"4100,1003,10017854,"
183219009880065,1,"4100,1003,10017855,"
183219009880065,1,"4100,1003,10017856,"
183219009880065,1,"4100,1003,10017857,"
183219009880065,1,"4100,1003,10017858,"
183219009880065,1,"4100,1003,10017859,"
183219009880065,1,"4100,1003,10017860,"
183219009880065,1,"4100,1003,10017861,"
183219009880065,1,"4100,1003,10017862,"
183219009880065,1,"4100,1003,10017863,"
183219009880065,1,"4100,1003,10017864,"
183219009880065,1,"4100,1003,10017865,"
183219009880065,1,"4100,1003,10017866,"
183219009880065,1,"4100,1003,10017867,"
183219009880065,1,"4100,1003,10017868,"
183219009880065,1,"4100,1003,10017869,"
183219009880065,1,"4100,1003,10017870,"
183219009880065,1,"4100,1003,10017871,"
183219009880065,1,"4100,1003,10017872,"
183219009880065,1,"4100,1003,10017873,"
183219009880065,1,"4100,1003,10017874,"
183219009880065,1,"4100,1003,10017875,"
183219009880065,1,"4100,1003,10017876,"
183219009880065,1,"4100,1003,10017877,"
183219009880065,1,"4100,1003,10017878,"
183219009880065,1,"4100,1003,10017837,"
183219009880065,1,"4100,1003,10017838,"
183219009880065,1,"4100,1003,10017879,"
183219009880065,1,"4100,1003,10017880,"
183219009880065,1,"4100,1003,10017881,"
183219009880065,1,"4100,1003,10017882,"
183219009880065,1,"4100,1003,10017883,"
183219009880065,1,"4100,1003,10017884,"
183219009880065,1,"4100,1003,10017885,"
183219009880065,1,"4100,1003,10017886,"
183219009880065,1,"4100,1003,10017887,"
183219009880065,1,"4100,1003,10017888,"
183219009880065,1,"4100,1003,10017889,"
183219009880065,1,"4100,1003,10017890,"
183219009880065,1,"4100,1003,10017891,"
183219009880065,1,"4100,1003,10017892,"
183219009880065,1,"4100,1003,10017893,"
183219009880065,1,"4100,1003,10017894,"
183219009880065,1,"4100,1003,10017895,"
183219009880065,1,"4100,1003,10017896,"
183219009880065,1,"4100,1003,10017897,"
183219009880065,1,"4100,1003,10017898,"
183219009880065,1,"4100,1003,10017899,"
183219009880065,1,"4100,1003,10017900,"
183219009880065,1,"4100,1003,10017901,"
183219009880065,1,"4100,1003,10017902,"
183219009880065,1,"4100,1003,10017903,"
183219009880065,1,"4100,1003,10017904,"
183219009880065,1,"4100,1003,10017905,"
183219009880065,1,"4100,1003,10017906,"
183219009880065,1,"4100,1003,10017907,"
183219009880065,1,"4100,1003,10017908,"
183219009880065,1,"4100,1003,10017909,"
183219009880065,1,"4100,1003,10017910,"
183219009880065,1,"4100,1003,10017911,"
183219009880065,1,"4100,1003,10017912,"
183219009880065,1,"4100,1003,10017913,"
183219009880065,1,"4100,1003,10017914,"
183219009880065,1,"4100,1003,10017916,"
183219009880065,1,"4100,1003,10017917,"
183219009880065,1,"4100,1003,10017918,"
183219009880065,1,"4100,1003,10017919,"
183219009880065,1,"4100,1003,10017920,"
183219009880065,1,"4100,1003,10017921,"
183219009880065,1,"4100,1003,10017922,"
183219009880065,1,"4100,1003,10017923,"
183219009880065,1,"4100,1003,10017924,"
183219009880065,1,"4100,1003,10017925,"
183219009880065,1,"4100,1003,10017926,"
183219009880065,1,"4100,1003,10017927,"
183219009880065,1,"4100,1003,10017928,"
183219009880065,1,"4100,1003,10017929,"
183219009880065,1,"4100,1003,10017930,"
183219009880065,1,"4100,1003,10017931,"
183219009880065,1,"4100,1003,10017932,"
183219009880065,1,"4100,1003,10017933,"
183219009880065,1,"4100,1003,10017934,"
183219009880065,1,"4100,1003,10017935,"
183219009880065,1,"4100,1003,10017936,"
183219009880065,1,"4100,1003,10017937,"
183219009880065,1,"4100,1003,10017947,"
183219009880065,1,"4100,1003,10017948,"
183219009880065,1,"4100,1003,10017949,"
183219009880065,1,"4100,1003,10017950,"
183219009880065,1,"4100,1003,10017687,"
183219009880065,1,"4100,1003,10017688,"
183219009880065,1,"4100,1003,10017689,"
183219009880065,1,"4100,1003,10017692,"
183219009880065,1,"4100,1003,10017693,"
183219009880065,1,"4100,1003,10017695,"
183219009880065,1,"4100,1003,10017697,"
183219009880065,1,"4100,1003,10017698,"
183219009880065,1,"4100,1003,10018060,"
183219009880065,1,"4100,1003,10026061,"
183219009880065,1,"4100,1003,10017951,"
183219009880065,1,"4100,1003,10017952,"
183219009880065,1,"4100,1003,10017953,"
183219009880065,1,"4100,1003,10017954,"
183219009880065,1,"4100,1003,10017955,"
183219009880065,1,"4100,1003,10017956,"
183219009880065,1,"4100,1003,10017957,"
183219009880065,1,"4100,1003,10017958,"
183219009880065,1,"4100,1003,10017959,"
183219009880065,1,"4100,1003,10017960,"
183219009880065,1,"4100,1003,10017961,"
183219009880065,1,"4100,1003,10017962,"
183219009880065,1,"4100,1003,10017963,"
183219009880065,1,"4100,1003,10017964,"
183219009880065,1,"4100,1003,10017965,"
183219009880065,1,"4100,1003,10017966,"
183219009880065,1,"4100,1003,10017967,"
183219009880065,1,"4100,1003,10017968,"
183219009880065,1,"4100,1003,10017969,"
183219009880065,1,"4100,1003,10017970,"
183219009880065,1,"4100,1003,10017971,"
183219009880065,1,"4100,1003,10017972,"
183219009880065,1,"4100,1003,10017973,"
183219009880065,1,"4100,1003,10017974,"
183219009880065,1,"4100,1003,10017975,"
183219009880065,1,"4100,1003,10017976,"
183219009880065,1,"4100,1003,10017977,"
183219009880065,1,"4100,1003,10017978,"
183219009880065,1,"4100,1003,10017979,"
183219009880065,1,"4100,1003,10017980,"
183219009880065,1,"4100,1003,10017981,"
183219009880065,1,"4100,1003,10017982,"
183219009880065,1,"4100,1003,10017983,"
183219009880065,1,"4100,1003,10017984,"
183219009880065,1,"4100,1003,10017985,"
183219009880065,1,"4100,1003,10017986,"
183219009880065,1,"4100,1003,10017987,"
183219009880065,1,"4100,1003,10017988,"
183219009880065,1,"4100,1003,10017989,"
183219009880065,1,"4100,1003,10017990,"
183219009880065,1,"4100,1003,10017991,"
183219009880065,1,"4100,1003,10017992,"
183219009880065,1,"4100,1003,10017993,"
183219009880065,1,"4100,1003,10017994,"
183219009880065,1,"4100,1003,10017995,"
183219009880065,1,"4100,1003,10017996,"
183219009880065,1,"4100,1003,10017997,"
183219009880065,1,"4100,1003,10017998,"
183219009880065,1,"4100,1003,10017999,"
183219009880065,1,"4100,1003,10018000,"
183219009880065,1,"4100,1003,10018001,"
183219009880065,1,"4100,1003,10018002,"
183219009880065,1,"4100,1003,10018003,"
183219009880065,1,"4100,1003,10018004,"
183219009880065,1,"4100,1003,10018005,"
183219009880065,1,"4100,1003,10018006,"
183219009880065,1,"4100,1003,10018007,"
183219009880065,1,"4100,1003,10018008,"
183219009880065,1,"4100,1003,10079700,"
183219009880065,1,"4100,1003,10161698,"
183219009880065,1,"4100,1003,10161821,"
183219009880065,1,"4100,1003,10161822,"
183219009880065,1,"4100,1003,11988634,"
183219009880065,1,"4100,1003,36063625,"
183219009880065,1,"4100,1003,36063626,"
183219009880065,1,"4100,1003,36063627,"
183219009880065,1,"4100,1003,36063628,"
183219009880065,1,"4100,1003,36063629,"
183219009880065,1,"4100,1003,36063630,"
183219009880065,1,"4100,1003,36063632,"
183219009880065,1,"4100,1003,36063633,"
183219009880065,1,"4100,1003,36269819,"
183219009880065,1,"4100,1003,36269820,"
183219009880065,1,"4100,1003,36269821,"
183219009880065,1,"4100,1003,36269822,"
183219009880065,1,"4100,1003,36269823,"
183219009880065,1,"4100,1003,36269824,"
183219009880065,1,"4100,1003,36274790,"
183219009880065,1,"4100,1003,36274791,"
183219009880065,1,"4100,1003,36274792,"
183219009880065,1,"4100,1003,37160250,"
183219009880065,1,"4100,1003,37160251,"
183219009880065,1,"4100,1003,37160252,"
183219009880065,1,"4100,1003,37160253,"
183219009880065,1,"4100,1003,37160254,"
183219009880065,1,"4100,1003,36781371,"
183219009880065,1,"4100,1003,36781372,"
183219009880065,1,"4100,1003,36781373,"
183219009880065,1,"4100,1003,36781374,"
183219009880065,1,"4100,1003,36629227,"
183219009880065,1,"4100,1003,36910160,"
183219009880065,1,"4100,1003,37309784,"
183219009880065,1,"4100,1003,37309785,"
183219009880065,1,"4100,1003,37309786,"
183219009880065,1,"4100,1003,3767534,"
183219009880065,1,"4100,1003,3767535,"
183219009880065,1,"4100,1003,3767536,"
183219009880065,1,"4100,1003,3789912,"
183219009880065,1,"4100,1003,3789913,"
183219009880065,1,"4100,1003,36910169,"
183219009880065,1,"4100,1003,36910350,"
183219009880065,1,"4100,1003,36910351,"
183219009880065,1,"4100,1003,36910352,"
183219009880065,1,"4100,1003,36587332,"
183219009880065,1,"4100,1003,36587333,"
183219009880065,1,"4100,1003,36587334,"
183219009880065,1,"4100,1003,36587335,"
183219009880065,1,"4100,1003,36587336,"
183219009880065,1,"4100,1003,36587337,"
183219009880065,1,"4100,1003,36587338,"
183219009880065,1,"4100,1003,36587339,"
183219009880065,1,"4100,1003,36587350,"
183219009880065,1,"4100,1003,36587351,"
183219009880065,1,"4100,1003,36587353,"
183219009880065,1,"4100,1003,36587354,"
183219009880065,1,"4100,1003,36627930,"
183219009880065,1,"4100,1003,36629228,"
183219009880065,1,"4100,1003,36629229,"
183219009880065,1,"4100,1003,36629240,"
183219009880065,1,"4100,1003,36629241,"
183219009880065,1,"4100,1003,36629242,"
183219009880065,1,"4100,1003,36629243,"
183219009880065,1,"4100,1003,36629244,"
183219009880065,1,"4100,1003,36629245,"
183219009880065,1,"4100,1003,36629246,"
183219009880065,1,"4100,1003,36629247,"
183219009880065,1,"4100,1003,36629248,"
183219009880065,1,"4100,1003,36629249,"
183219009880065,1,"4100,1003,36629250,"
183219009880065,1,"4100,1003,36629251,"
183219009880065,1,"4100,1003,36629252,"
183219009880065,1,"4100,1003,36629253,"
183219009880065,1,"4100,1003,36629254,"
183219009880065,1,"4100,1003,36629255,"
183219009880065,1,"4100,1003,36629256,"
183219009880065,1,"4100,1003,36629257,"
183219009880065,1,"4100,1003,36629258,"
183219009880065,1,"4100,1003,36629259,"
183219009880065,1,"4100,1003,36629260,"
183219009880065,1,"4100,1003,36629261,"
183219009880065,1,"4100,1003,36629262,"
183219009880065,1,"4100,1003,36629263,"
183219009880065,1,"4100,1003,36629264,"
183219009880065,1,"4100,1003,36629265,"
183219009880065,1,"4100,1003,36629266,"
183219009880065,1,"4100,1003,36629267,"
183219009880065,1,"4100,1003,36577159,"
183219009880065,1,"4100,1003,36791372,"
183219009880065,1,"4100,1003,36791373,"
183219009880065,1,"4100,1003,36791374,"
183219009880065,1,"4100,1003,36791375,"
183219009880065,1,"4100,1003,36791376,"
183219009880065,1,"4100,1003,36791377,"
183219009880065,1,"4100,1003,36791378,"
183219009880065,1,"4100,1003,36791379,"
183219009880065,1,"4100,1003,36791380,"
183219009880065,1,"4100,1003,36791381,"
183219009880065,1,"4100,1003,36791382,"
183219009880065,1,"4100,1003,36791383,"
183219009880065,1,"4100,1003,36791384,"
183219009880065,1,"4100,1003,37149053,"
183219009880065,1,"4100,1003,37149054,"
183219009880065,1,"4100,1003,37149055,"
183219009880065,1,"4100,1003,36635814,"
183219009880065,1,"4100,1003,36635815,"
183219009880065,1,"4100,1003,36635816,"
183219009880065,1,"4100,1003,36635817,"
183219009880065,1,"4100,1003,36635818,"
183219009880065,1,"4100,1003,36635819,"
183219009880065,1,"4100,1003,36637850,"
183219009880065,1,"4100,1003,36637851,"
183219009880065,1,"4100,1003,36637852,"
183219009880065,1,"4100,1003,36791350,"
183219009880065,1,"4100,1003,36791351,"
183219009880065,1,"4100,1003,36791352,"
183219009880065,1,"4100,1003,36791353,"
183219009880065,1,"4100,1003,36791354,"
183219009880065,1,"4100,1003,36791355,"
183219009880065,1,"4100,1003,36791356,"
183219009880065,1,"4100,1003,36791357,"
183219009880065,1,"4100,1003,36791358,"
183219009880065,1,"4100,1003,36548989,"
183219009880065,1,"4100,1003,36560920,"
183219009880065,1,"4100,1003,36560921,"
183219009880065,1,"4100,1003,36560922,"
183219009880065,1,"4100,1003,36560923,"
183219009880065,1,"4100,1003,36560924,"
183219009880065,1,"4100,1003,36560925,"
183219009880065,1,"4100,1003,36560926,"
183219009880065,1,"4100,1003,36560927,"
183219009880065,1,"4100,1003,36560928,"
183219009880065,1,"4100,1003,36560929,"
183219009880065,1,"4100,1003,36823940,"
183219009880065,1,"4100,1003,36823941,"
183219009880065,1,"4100,1003,37290867,"
183219009880065,1,"4100,1003,36910449,"
183219009880065,1,"4100,1003,36910460,"
183219009880065,1,"4100,1003,36910461,"
183219009880065,1,"4100,1003,36910462,"
183219009880065,1,"4100,1003,36910463,"
183219009880065,1,"4100,1003,36910464,"
183219009880065,1,"4100,1003,36548984,"
183219009880065,1,"4100,1003,37290869,"
183219009880065,1,"4100,1003,37308460,"
183219009880065,1,"4100,1003,37308472,"
183219009880065,1,"4100,1003,36885193,"
183219009880065,1,"4100,1003,36885194,"
183219009880065,1,"4100,1003,36885195,"
183219009880065,1,"4100,1003,36885196,"
183219009880065,1,"4100,1003,36885197,"
183219009880065,1,"4100,1003,36885198,"
183219009880065,1,"4100,1003,36885199,"
183219009880065,1,"4100,1003,36885200,"
183219009880065,1,"4100,1003,36885201,"
183219009880065,1,"4100,1003,36885202,"
183219009880065,1,"4100,1003,36885203,"
183219009880065,1,"4100,1003,36910466,"
183219009880065,1,"4100,1003,36910353,"
183219009880065,1,"4100,1003,36910354,"
183219009880065,1,"4100,1003,36910355,"
183219009880065,1,"4100,1003,36910356,"
183219009880065,1,"4100,1003,36910357,"
183219009880065,1,"4100,1003,36910358,"
183219009880065,1,"4100,1003,36910359,"
183219009880065,1,"4100,1003,36910430,"
183219009880065,1,"4100,1003,36910431,"
183219009880065,1,"4100,1003,36910432,"
183219009880065,1,"4100,1003,36910433,"
183219009880065,1,"4100,1003,36910434,"
183219009880065,1,"4100,1003,36910435,"
183219009880065,1,"4100,1003,36910436,"
183219009880065,1,"4100,1003,36910437,"
183219009880065,1,"4100,1003,36910438,"
183219009880065,1,"4100,1003,36910439,"
183219009880065,1,"4100,1003,36910440,"
183219009880065,1,"4100,1003,36910441,"
183219009880065,1,"4100,1003,36910442,"
183219009880065,1,"4100,1003,36910443,"
183219009880065,1,"4100,1003,36910444,"
183219009880065,1,"4100,1003,36910445,"
183219009880065,1,"4100,1003,36910446,"
183219009880065,1,"4100,1003,36910447,"
183219009880065,1,"4100,1003,36910448,"
183219009880065,1,"4100,1003,37308485,"
183219009880065,1,"4100,1003,37308486,"
183219009880065,1,"4100,1003,37308487,"
183219009880065,1,"4100,1003,37308488,"
183219009880065,1,"4100,1003,36885237,"
183219009880065,1,"4100,1003,36885238,"
183219009880065,1,"4100,1003,36885239,"
183219009880065,1,"4100,1003,36885240,"
183219009880065,1,"4100,1003,36885241,"
183219009880065,1,"4100,1003,36819627,"
183219009880065,1,"4100,1003,36629268,"
183219009880065,1,"4100,1003,36629269,"
183219009880065,1,"4100,1003,36629310,"
183219009880065,1,"4100,1003,36629311,"
183219009880065,1,"4100,1003,36629312,"
183219009880065,1,"4100,1003,36629313,"
183219009880065,1,"4100,1003,36630610,"
183219009880065,1,"4100,1003,36630611,"
183219009880065,1,"4100,1003,36630612,"
183219009880065,1,"4100,1003,36630613,"
183219009880065,1,"4100,1003,36630614,"
183219009880065,1,"4100,1003,36896557,"
183219009880065,1,"4100,1003,36896558,"
183219009880065,1,"4100,1003,36910467,"
183219009880065,1,"4100,1003,36910468,"
183219009880065,1,"4100,1003,36910469,"
183219009880065,1,"4100,1003,37130910,"
183219009880065,1,"4100,1003,37130911,"
183219009880065,1,"4100,1003,37130912,"
183219009880065,1,"4100,1003,36874162,"
183219009880065,1,"4100,1003,37308489,"
183219009880065,1,"4100,1003,37309780,"
183219009880065,1,"4100,1003,37309782,"
183219009880065,1,"4100,1003,37309783,"
183219009880065,1,"4100,1003,36894180,"
183219009880065,1,"4100,1003,36866656,"
183219009880065,1,"4100,1003,36781318,"
183219009880065,1,"4100,1003,36791387,"
183219009880065,1,"4100,1003,36791388,"
183219009880065,1,"4100,1003,36791389,"
183219009880065,1,"4100,1003,36796830,"
183219009880065,1,"4100,1003,36629210,"
183219009880065,1,"4100,1003,36629211,"
183219009880065,1,"4100,1003,36629212,"
183219009880065,1,"4100,1003,36629213,"
183219009880065,1,"4100,1003,36629214,"
183219009880065,1,"4100,1003,36629215,"
183219009880065,1,"4100,1003,36629216,"
183219009880065,1,"4100,1003,36629217,"
183219009880065,1,"4100,1003,36629218,"
183219009880065,1,"4100,1003,36629219,"
183219009880065,1,"4100,1003,36629220,"
183219009880065,1,"4100,1003,36629221,"
183219009880065,1,"4100,1003,36629222,"
183219009880065,1,"4100,1003,36629223,"
183219009880065,1,"4100,1003,36629224,"
183219009880065,1,"4100,1003,36629225,"
183219009880065,1,"4100,1003,36629226,"
183219009880065,1,"4100,1003,37140890,"
183219009880065,1,"4100,1003,37140891,"
183219009880065,1,"4100,1003,36896521,"
183219009880065,1,"4100,1003,36896525,"
183219009880065,1,"4100,1003,36896526,"
183219009880065,1,"4100,1003,36896527,"
183219009880065,1,"4100,1003,36896528,"
183219009880065,1,"4100,1003,36896529,"
183219009880065,1,"4100,1003,36896530,"
183219009880065,1,"4100,1003,36896531,"
183219009880065,1,"4100,1003,36896532,"
183219009880065,1,"4100,1003,36896533,"
183219009880065,1,"4100,1003,3989387,"
183219009880065,1,"4100,1003,3989388,"
183219009880065,1,"4100,1003,3989389,"
183219009880065,1,"4100,1003,3989390,"
183219009880065,1,"4100,1003,3989391,"
183219009880065,1,"4100,1003,3989392,"
183219009880065,1,"4100,1003,3989393,"
183219009880065,1,"4100,1003,3989394,"
183219009880065,1,"4100,1003,3989395,"
183219009880065,1,"4100,1003,3989396,"
183219009880065,1,"4100,1003,3989397,"
183219009880065,1,"4100,1003,3989398,"
183219009880065,1,"4100,1003,3989399,"
183219009880065,1,"4100,1003,3989400,"
183219009880065,1,"4100,1003,3989401,"
183219009880065,1,"4100,1003,3989402,"
183219009880065,1,"4100,1003,3989403,"
183219009880065,1,"4100,1003,3989404,"
183219009880065,1,"4100,1003,3989405,"
183219009880065,1,"4100,1003,3989406,"
183219009880065,1,"4100,1003,3989407,"
183219009880065,1,"4100,1003,3989408,"
183219009880065,1,"4100,1003,3989409,"
183219009880065,1,"4100,1003,3989410,"
183219009880065,1,"4100,1003,3989411,"
183219009880065,1,"4100,1003,3989412,"
183219009880065,1,"4100,1003,3989413,"
183219009880065,1,"4100,1003,3989414,"
183219009880065,1,"4100,1003,3989415,"
183219009880065,1,"4100,1003,3989416,"
183219009880065,1,"4100,1003,3989417,"
183219009880065,1,"4100,1003,3989418,"
183219009880065,1,"4100,1003,3989419,"
183219009880065,1,"4100,1003,3989420,"
183219009880065,1,"4100,1003,3989421,"
183219009880065,1,"4100,1003,3989422,"
183219009880065,1,"4100,1003,3989423,"
183219009880065,1,"4100,1003,3989424,"
183219009880065,1,"4100,1003,3989425,"
183219009880065,1,"4100,1003,3989426,"
183219009880065,1,"4100,1003,3989427,"
183219009880065,1,"4100,1003,3989428,"
183219009880065,1,"4100,1003,3989429,"
183219009880065,1,"4100,1003,3989430,"
183219009880065,1,"4100,1003,3989431,"
183219009880065,1,"4100,1003,3989432,"
183219009880065,1,"4100,1003,3989433,"
183219009880065,1,"4100,1003,3989434,"
183219009880065,1,"4100,1003,3989435,"
183219009880065,1,"4100,1003,3989436,"
183219009880065,1,"4100,1003,3989437,"
183219009880065,1,"4100,1003,3989438,"
183219009880065,1,"4100,1003,3989439,"
183219009880065,1,"4100,1003,3989440,"
183219009880065,1,"4100,1003,3989442,"
183219009880065,1,"4100,1003,3989443,"
183219009880065,1,"4100,1003,3989444,"
183219009880065,1,"4100,1003,3989445,"
183219009880065,1,"4100,1003,3989446,"
183219009880065,1,"4100,1003,3989447,"
183219009880065,1,"4100,1003,3989448,"
183219009880065,1,"4100,1003,3989449,"
183219009880065,1,"4100,1003,3989450,"
183219009880065,1,"4100,1003,3989451,"
183219009880065,1,"4100,1003,3989452,"
183219009880065,1,"4100,1003,3960219,"
183219009880065,1,"4100,1003,3960220,"
183219009880065,1,"4100,1003,3960221,"
183219009880065,1,"4100,1003,3960222,"
183219009880065,1,"4100,1003,3960223,"
183219009880065,1,"4100,1003,3960224,"
183219009880065,1,"4100,1003,3960225,"
183219009880065,1,"4100,1003,3960226,"
183219009880065,1,"4100,1003,3960227,"
183219009880065,1,"4100,1003,3960228,"
183219009880065,1,"4100,1003,3960229,"
183219009880065,1,"4100,1003,3960230,"
183219009880065,1,"4100,1003,3960231,"
183219009880065,1,"4100,1003,3960232,"
183219009880065,1,"4100,1003,3960233,"
183219009880065,1,"4100,1003,3960234,"
183219009880065,1,"4100,1003,3960235,"
183219009880065,1,"4100,1003,3960236,"
183219009880065,1,"4100,1003,3960237,"
183219009880065,1,"4100,1003,3960238,"
183219009880065,1,"4100,1003,3960239,"
183219009880065,1,"4100,1003,3960240,"
183219009880065,1,"4100,1003,3960241,"
183219009880065,1,"4100,1003,3960242,"
183219009880065,1,"4100,1003,3960243,"
183219009880065,1,"4100,1003,3960244,"
183219009880065,1,"4100,1003,3960245,"
183219009880065,1,"4100,1003,3960246,"
183219009880065,1,"4100,1003,3960247,"
183219009880065,1,"4100,1003,3960248,"
183219009880065,1,"4100,1003,3960249,"
183219009880065,1,"4100,1003,3960250,"
183219009880065,1,"4100,1003,3960251,"
183219009880065,1,"4100,1003,3960252,"
183219009880065,1,"4100,1003,3960253,"
183219009880065,1,"4100,1003,3960254,"
183219009880065,1,"4100,1003,3960255,"
183219009880065,1,"4100,1003,3960256,"
183219009880065,1,"4100,1003,3960257,"
183219009880065,1,"4100,1003,3960258,"
183219009880065,1,"4100,1003,3960259,"
183219009880065,1,"4100,1003,3960260,"
183219009880065,1,"4100,1003,3960261,"
183219009880065,1,"4100,1003,3960262,"
183219009880065,1,"4100,1003,3960263,"
183219009880065,1,"4100,1003,3960264,"
183219009880065,1,"4100,1003,3960265,"
183219009880065,1,"4100,1003,3960266,"
183219009880065,1,"4100,1003,3960267,"
183219009880065,1,"4100,1003,3960268,"
183219009880065,1,"4100,1003,3960269,"
183219009880065,1,"4100,1003,3960270,"
183219009880065,1,"4100,1003,3960271,"
183219009880065,1,"4100,1003,3960272,"
183219009880065,1,"4100,1003,3960273,"
183219009880065,1,"4100,1003,3960274,"
183219009880065,1,"4100,1003,3960275,"
183219009880065,1,"4100,1003,3960276,"
183219009880065,1,"4100,1003,3960277,"
183219009880065,1,"4100,1003,3960278,"
183219009880065,1,"4100,1003,4036771,"
183219009880065,1,"4100,1003,3968724,"
183219009880065,1,"4100,1003,3968725,"
183219009880065,1,"4100,1003,3968726,"
183219009880065,1,"4100,1003,3968727,"
183219009880065,1,"4100,1003,3968728,"
183219009880065,1,"4100,1003,3968729,"
183219009880065,1,"4100,1003,3968730,"
183219009880065,1,"4100,1003,3968731,"
183219009880065,1,"4100,1003,3968732,"
183219009880065,1,"4100,1003,3968733,"
183219009880065,1,"4100,1003,3968734,"
183219009880065,1,"4100,1003,3968735,"
183219009880065,1,"4100,1003,3968736,"
183219009880065,1,"4100,1003,3968737,"
183219009880065,1,"4100,1003,3968738,"
183219009880065,1,"4100,1003,3968739,"
183219009880065,1,"4100,1003,3968740,"
183219009880065,1,"4100,1003,3996685,"
183219009880065,1,"4100,1003,3996686,"
183219009880065,1,"4100,1003,3831015,"
183219009880065,1,"4100,1003,3896595,"
183219009880065,1,"4100,1003,4036419,"
183219009880065,1,"4100,1003,4036420,"
183219009880065,1,"4100,1003,3970353,"
183219009880065,1,"4100,1003,3970320,"
183219009880065,1,"4100,1003,3970322,"
183219009880065,1,"4100,1003,3970323,"
183219009880065,1,"4100,1003,3970324,"
183219009880065,1,"4100,1003,3970325,"
183219009880065,1,"4100,1003,3970326,"
183219009880065,1,"4100,1003,3970327,"
183219009880065,1,"4100,1003,3970328,"
183219009880065,1,"4100,1003,3970329,"
183219009880065,1,"4100,1003,3970330,"
183219009880065,1,"4100,1003,3970331,"
183219009880065,1,"4100,1003,3970332,"
183219009880065,1,"4100,1003,3970333,"
183219009880065,1,"4100,1003,3970334,"
183219009880065,1,"4100,1003,3970335,"
183219009880065,1,"4100,1003,3970336,"
183219009880065,1,"4100,1003,3970337,"
183219009880065,1,"4100,1003,3970338,"
183219009880065,1,"4100,1003,3970339,"
183219009880065,1,"4100,1003,3970340,"
183219009880065,1,"4100,1003,3970341,"
183219009880065,1,"4100,1003,3970342,"
183219009880065,1,"4100,1003,4026708,"
183219009880065,1,"4100,1003,4026709,"
183219009880065,1,"4100,1003,4026710,"
183219009880065,1,"4100,1003,4026712,"
183219009880065,1,"4100,1003,4026713,"
183219009880065,1,"4100,1003,4026714,"
183219009880065,1,"4100,1003,4026715,"
183219009880065,1,"4100,1003,4026717,"
183219009880065,1,"4100,1003,4026718,"
183219009880065,1,"4100,1003,4026719,"
183219009880065,1,"4100,1003,4026721,"
183219009880065,1,"4100,1003,4026722,"
183219009880065,1,"4100,1003,4026723,"
183219009880065,1,"4100,1003,4026724,"
183219009880065,1,"4100,1003,4026725,"
183219009880065,1,"4100,1003,4026726,"
183219009880065,1,"4100,1003,4026727,"
183219009880065,1,"4100,1003,4026728,"
183219009880065,1,"4100,1003,4026729,"
183219009880065,1,"4100,1003,4026730,"
183219009880065,1,"4100,1003,4026731,"
183219009880065,1,"4100,1003,4026732,"
183219009880065,1,"4100,1003,4026733,"
183219009880065,1,"4100,1003,4026734,"
183219009880065,1,"4100,1003,4026735,"
183219009880065,1,"4100,1003,4026736,"
183219009880065,1,"4100,1003,4026738,"
183219009880065,1,"4100,1003,4026739,"
183219009880065,1,"4100,1003,4026740,"
183219009880065,1,"4100,1003,4026741,"
183219009880065,1,"4100,1003,4026743,"
183219009880065,1,"4100,1003,4026744,"
183219009880065,1,"4100,1003,4026745,"
183219009880065,1,"4100,1003,4026747,"
183219009880065,1,"4100,1003,4026748,"
183219009880065,1,"4100,1003,4026750,"
183219009880065,1,"4100,1003,4026751,"
183219009880065,1,"4100,1003,4026753,"
183219009880065,1,"4100,1003,4026754,"
183219009880065,1,"4100,1003,4026755,"
183219009880065,1,"4100,1003,4249174,"
183219009880065,1,"4100,1003,4249152,"
183219009880065,1,"4100,1003,4249179,"
