--DATA FOR OWN (REDARIL) CATEGORIES
--Creation of Integration Pixel:
INSERT INTO PIXEL (ID, VERSION, NAME, ACTIVE, TAG_ID, CREATED_DATE, CREATED_BY) VALUES ('11111', TO_TIMESTAMP('18.06.12 04:50:58,711000000', 'DD.MM.RR HH24:MI:SS,FF'), 'Intergation Pixel', '1', '11111', TO_TIMESTAMP('18.06.12 04:50:58,329000000', 'DD.MM.RR HH24:MI:SS,FF'), 'alena');
INSERT INTO INTEGRATION_PIXEL (ID, MODULE, DATA_CONSUMER) VALUES ('11111', '3450', '4200');
--Creation of Impression Pixel:
INSERT INTO PIXEL (ID, VERSION, NAME, ACTIVE, TAG_ID, CREATED_DATE, CREATED_BY) VALUES ('11112', TO_TIMESTAMP('18.06.12 02:09:14,851000000', 'DD.MM.RR HH24:MI:SS,FF'), 'Impression Pixel', '1', '11112', TO_TIMESTAMP('18.06.12 02:09:14,691000000', 'DD.MM.RR HH24:MI:SS,FF'), 'alena');
INSERT INTO IMPRESSION_PIXEL (ID, AD_CAMPAIGN, INTEGRATION_METHOD, DATA_CONSUMER) VALUES ('11112', '36629894', '20001', '4200');
--Creation of Click Pixel:
INSERT INTO PIXEL (ID, VERSION, NAME, ACTIVE, TAG_ID, CREATED_DATE, CREATED_BY) VALUES ('11113', TO_TIMESTAMP('18.06.12 05:17:02,324000000', 'DD.MM.RR HH24:MI:SS,FF'), 'Click Pixel', '1', '11113', TO_TIMESTAMP('18.06.12 05:17:02,270000000', 'DD.MM.RR HH24:MI:SS,FF'), 'alena');
INSERT INTO CLICK_PIXEL (ID, DATA_CONSUMER) VALUES ('11113', '4200');
INSERT INTO CLICK_PIXEL_IMPRESSION_PIXELS (CLICK_PIXEL, IMPRESSION_PIXELS) VALUES ('11113', '11112');

--Update prices of own categories:
UPDATE CATEGORY SET PRICE=500 where ID=36587337;

--Audience Segment creation:
INSERT INTO AUDIENCE_SEGMENT (ID, VERSION, NAME, ACTIVE, DATA_CONSUMER, STATUS) VALUES ('22221', TO_TIMESTAMP('18.06.12 05:32:57,657000000', 'DD.MM.RR HH24:MI:SS,FF'), 'AS1', '1', '4200', '3352');
INSERT INTO DATA_OUT_PARAMETER (ID, VERSION, NAME, VALUE, AUDIENCE_SEGMENT, DFP) VALUES ('33331', TO_TIMESTAMP('19.06.12 03:01:34,739000000', 'DD.MM.RR HH24:MI:SS,FF'), 'rasegs', 'test=impres1', '22221', '1');

--Sections creation:
INSERT INTO SECTION (ID, VERSION, NAME, DATA_SOURCE, AUDIENCE_SEGMENT) VALUES ('44441', TO_TIMESTAMP('19.06.12 03:08:42,723000000', 'DD.MM.RR HH24:MI:SS,FF'), 'Section', '1003', '22221');

--Subsections creation:
INSERT INTO SUBSECTION (ID, VERSION, THRESHOLD, SECTION, DISPLAY_ORDER, NOT_OPERATION) VALUES ('55551', TO_TIMESTAMP('19.06.12 03:08:42,724000000', 'DD.MM.RR HH24:MI:SS,FF'), '27', '44441', '1', '0');
INSERT INTO SUBSECTION_CATEGORY_MAPPING (ID, VERSION, SUBSECTION, CATEGORY) VALUES ('66661', TO_TIMESTAMP('19.06.12 03:08:42,725000000', 'DD.MM.RR HH24:MI:SS,FF'), '55551', '36587337');

--Creation of Data Campaigns:
INSERT INTO DATA_CAMPAIGN (ID, VERSION, NAME, AUDIENCE_SEGMENT, STATUS, DATA_CONSUMER, CREATED_BY, IMPRESSION_PIXEL) VALUES ('77771', TO_TIMESTAMP('19.06.12 04:18:17,968000000', 'DD.MM.RR HH24:MI:SS,FF'), 'DC1', '22221', '3405', '4200', 'alena', '11112');
INSERT INTO DATA_CAMPAIGN_AUDIENCE_GROUPS (DATA_CAMPAIGN, AUDIENCE_GROUPS) VALUES ('77771', '8901');
INSERT INTO DATA_CAMPAIGN_PROPERTY (ID, VERSION, START_DATE, END_DATE, BUDGET, REMAINING_BUDGET, PACING_OPTION, SECTION, DATA_CAMPAIGN) VALUES ('88881', TO_TIMESTAMP('19.06.12 04:18:13,670000000', 'DD.MM.RR HH24:MI:SS,FF'), TO_TIMESTAMP('19.06.12 00:00:00,000000000', 'DD.MM.RR HH24:MI:SS,FF'), TO_TIMESTAMP('30.07.13 00:00:00,000000000', 'DD.MM.RR HH24:MI:SS,FF'), '1000', '1000', '3420', '44441', '77771');

--DATA FOR FOREIGN (REDARIL) CATEGORIES
--Update prices of own categories:
UPDATE CATEGORY SET PRICE=200 where ID=10020324;

--Creation of Integration Pixel:
INSERT INTO PIXEL (ID, VERSION, NAME, ACTIVE, TAG_ID, CREATED_DATE, CREATED_BY) VALUES ('11114', TO_TIMESTAMP('18.06.12 04:50:58,711000000', 'DD.MM.RR HH24:MI:SS,FF'), 'Intergation Pixel1', '1', '11114', TO_TIMESTAMP('18.06.12 04:50:58,329000000', 'DD.MM.RR HH24:MI:SS,FF'), 'alena');
INSERT INTO INTEGRATION_PIXEL (ID, MODULE, DATA_CONSUMER) VALUES ('11114', '3450', '4234');
--Creation of Impression Pixel:
INSERT INTO PIXEL (ID, VERSION, NAME, ACTIVE, TAG_ID, CREATED_DATE, CREATED_BY) VALUES ('11115', TO_TIMESTAMP('18.06.12 02:09:14,851000000', 'DD.MM.RR HH24:MI:SS,FF'), 'Impression Pixel1', '1', '11115', TO_TIMESTAMP('18.06.12 02:09:14,691000000', 'DD.MM.RR HH24:MI:SS,FF'), 'alena');
INSERT INTO PIXEL (ID, VERSION, NAME, ACTIVE, TAG_ID, CREATED_DATE, CREATED_BY) VALUES ('11117', TO_TIMESTAMP('18.06.12 02:09:14,851000000', 'DD.MM.RR HH24:MI:SS,FF'), 'Impression Pixel2', '1', '11117', TO_TIMESTAMP('18.06.12 02:09:14,691000000', 'DD.MM.RR HH24:MI:SS,FF'), 'alena');
INSERT INTO IMPRESSION_PIXEL (ID, AD_CAMPAIGN, INTEGRATION_METHOD, DATA_CONSUMER) VALUES ('11115', '35782502', '20001', '4234');
INSERT INTO IMPRESSION_PIXEL (ID, AD_CAMPAIGN, INTEGRATION_METHOD, DATA_CONSUMER) VALUES ('11117', '35782502', '20001', '4234');
--Creation of Click Pixel:
INSERT INTO PIXEL (ID, VERSION, NAME, ACTIVE, TAG_ID, CREATED_DATE, CREATED_BY) VALUES ('11116', TO_TIMESTAMP('18.06.12 05:17:02,324000000', 'DD.MM.RR HH24:MI:SS,FF'), 'Click Pixel1', '1', '11116', TO_TIMESTAMP('18.06.12 05:17:02,270000000', 'DD.MM.RR HH24:MI:SS,FF'), 'alena');
INSERT INTO PIXEL (ID, VERSION, NAME, ACTIVE, TAG_ID, CREATED_DATE, CREATED_BY) VALUES ('11118', TO_TIMESTAMP('18.06.12 05:17:02,324000000', 'DD.MM.RR HH24:MI:SS,FF'), 'Click Pixel2', '1', '11118', TO_TIMESTAMP('18.06.12 05:17:02,270000000', 'DD.MM.RR HH24:MI:SS,FF'), 'alena');
INSERT INTO CLICK_PIXEL (ID, DATA_CONSUMER) VALUES ('11116', '4234');
INSERT INTO CLICK_PIXEL (ID, DATA_CONSUMER) VALUES ('11118', '4234');
INSERT INTO CLICK_PIXEL_IMPRESSION_PIXELS (CLICK_PIXEL, IMPRESSION_PIXELS) VALUES ('11116', '11115');
INSERT INTO CLICK_PIXEL_IMPRESSION_PIXELS (CLICK_PIXEL, IMPRESSION_PIXELS) VALUES ('11118', '11117');

--Audience Segment creation:
INSERT INTO AUDIENCE_SEGMENT (ID, VERSION, NAME, ACTIVE, DATA_CONSUMER, STATUS) VALUES ('22222', TO_TIMESTAMP('18.06.12 05:32:57,657000000', 'DD.MM.RR HH24:MI:SS,FF'), 'AS2', '1', '4234', '3352');
INSERT INTO AUDIENCE_SEGMENT (ID, VERSION, NAME, ACTIVE, DATA_CONSUMER, STATUS) VALUES ('22223', TO_TIMESTAMP('18.06.12 05:32:57,657000000', 'DD.MM.RR HH24:MI:SS,FF'), 'AS3', '1', '4234', '3352');
INSERT INTO DATA_OUT_PARAMETER (ID, VERSION, NAME, VALUE, AUDIENCE_SEGMENT, DFP) VALUES ('33332', TO_TIMESTAMP('19.06.12 03:01:34,739000000', 'DD.MM.RR HH24:MI:SS,FF'), 'rasegs', 'test=impres2', '22222', '1');

--Sections creation:
INSERT INTO SECTION (ID, VERSION, NAME, DATA_SOURCE, AUDIENCE_SEGMENT) VALUES ('44442', TO_TIMESTAMP('19.06.12 03:08:42,723000000', 'DD.MM.RR HH24:MI:SS,FF'), 'Section', '1003', '22222');
INSERT INTO SECTION (ID, VERSION, NAME, DATA_SOURCE, AUDIENCE_SEGMENT) VALUES ('44443', TO_TIMESTAMP('19.06.12 03:08:42,723000000', 'DD.MM.RR HH24:MI:SS,FF'), 'Section', '1001', '22223');

--Subsections creation:
INSERT INTO SUBSECTION (ID, VERSION, THRESHOLD, SECTION, DISPLAY_ORDER, NOT_OPERATION) VALUES ('55552', TO_TIMESTAMP('19.06.12 03:08:42,724000000', 'DD.MM.RR HH24:MI:SS,FF'), '27', '44442', '1', '0');
INSERT INTO SUBSECTION (ID, VERSION, THRESHOLD, SECTION, DISPLAY_ORDER, NOT_OPERATION) VALUES ('55553', TO_TIMESTAMP('19.06.12 03:08:42,724000000', 'DD.MM.RR HH24:MI:SS,FF'), '27', '44443', '1', '0');
INSERT INTO SUBSECTION_CATEGORY_MAPPING (ID, VERSION, SUBSECTION, CATEGORY) VALUES ('66662', TO_TIMESTAMP('19.06.12 03:08:42,725000000', 'DD.MM.RR HH24:MI:SS,FF'), '55552', '36587337');
INSERT INTO SUBSECTION_CATEGORY_MAPPING (ID, VERSION, SUBSECTION, CATEGORY) VALUES ('66663', TO_TIMESTAMP('19.06.12 03:08:42,725000000', 'DD.MM.RR HH24:MI:SS,FF'), '55553', '10020324');

--Creation of Data Campaigns:
INSERT INTO AUDIENCE_GROUP (ID, VERSION, NAME, DATA_OWNER) VALUES ('99999', TO_TIMESTAMP('26.04.11 10:09:39,000000000', 'DD.MM.RR HH24:MI:SS,FF'), 'Sport and Life', '4134');
INSERT INTO DATA_CAMPAIGN (ID, VERSION, NAME, AUDIENCE_SEGMENT, STATUS, DATA_CONSUMER, CREATED_BY, IMPRESSION_PIXEL) VALUES ('77772', TO_TIMESTAMP('19.06.12 04:18:17,968000000', 'DD.MM.RR HH24:MI:SS,FF'), 'DC2', '22222', '3405', '4234', 'alena', '11115');
INSERT INTO DATA_CAMPAIGN (ID, VERSION, NAME, AUDIENCE_SEGMENT, STATUS, DATA_CONSUMER, CREATED_BY, IMPRESSION_PIXEL) VALUES ('77773', TO_TIMESTAMP('19.06.12 04:18:17,968000000', 'DD.MM.RR HH24:MI:SS,FF'), 'DC3', '22223', '3405', '4234', 'alena', '11117');
INSERT INTO DATA_CAMPAIGN_AUDIENCE_GROUPS (DATA_CAMPAIGN, AUDIENCE_GROUPS) VALUES ('77772', '99999');
INSERT INTO DATA_CAMPAIGN_AUDIENCE_GROUPS (DATA_CAMPAIGN, AUDIENCE_GROUPS) VALUES ('77773', '99999');
INSERT INTO DATA_CAMPAIGN_PROPERTY (ID, VERSION, START_DATE, END_DATE, BUDGET, REMAINING_BUDGET, PACING_OPTION, SECTION, DATA_CAMPAIGN) VALUES ('88882', TO_TIMESTAMP('19.06.12 04:18:13,670000000', 'DD.MM.RR HH24:MI:SS,FF'), TO_TIMESTAMP('19.06.12 00:00:00,000000000', 'DD.MM.RR HH24:MI:SS,FF'), TO_TIMESTAMP('30.07.13 00:00:00,000000000', 'DD.MM.RR HH24:MI:SS,FF'), '500', '500', '3420', '44442', '77772');
INSERT INTO DATA_CAMPAIGN_PROPERTY (ID, VERSION, START_DATE, END_DATE, BUDGET, REMAINING_BUDGET, PACING_OPTION, SECTION, DATA_CAMPAIGN) VALUES ('88883', TO_TIMESTAMP('19.06.12 04:18:13,670000000', 'DD.MM.RR HH24:MI:SS,FF'), TO_TIMESTAMP('19.06.12 00:00:00,000000000', 'DD.MM.RR HH24:MI:SS,FF'), TO_TIMESTAMP('30.07.13 00:00:00,000000000', 'DD.MM.RR HH24:MI:SS,FF'), '555', '555', '3420', '44443', '77773');


--DATA FOR FOREIGN (NOT REDARIL) CATEGORIES
--Update prices of own categories:
UPDATE CATEGORY SET PRICE=500 where ID=11995434;
UPDATE CATEGORY SET PRICE=100 where ID=11995579;

--Creation of Impression Pixel:
INSERT INTO PIXEL (ID, VERSION, NAME, ACTIVE, TAG_ID, CREATED_DATE, CREATED_BY) VALUES ('11119', TO_TIMESTAMP('18.06.12 02:09:14,851000000', 'DD.MM.RR HH24:MI:SS,FF'), 'Impression Pixel3', '1', '11119', TO_TIMESTAMP('18.06.12 02:09:14,691000000', 'DD.MM.RR HH24:MI:SS,FF'), 'alena');
INSERT INTO IMPRESSION_PIXEL (ID, AD_CAMPAIGN, INTEGRATION_METHOD, DATA_CONSUMER) VALUES ('11119', '35782502', '20001', '4234');
--Creation of Click Pixel:
INSERT INTO PIXEL (ID, VERSION, NAME, ACTIVE, TAG_ID, CREATED_DATE, CREATED_BY) VALUES ('11110', TO_TIMESTAMP('18.06.12 05:17:02,324000000', 'DD.MM.RR HH24:MI:SS,FF'), 'Click Pixel3', '1', '11110', TO_TIMESTAMP('18.06.12 05:17:02,270000000', 'DD.MM.RR HH24:MI:SS,FF'), 'alena');
INSERT INTO CLICK_PIXEL (ID, DATA_CONSUMER) VALUES ('11110', '4234');
INSERT INTO CLICK_PIXEL_IMPRESSION_PIXELS (CLICK_PIXEL, IMPRESSION_PIXELS) VALUES ('11110', '11119');

--Data Sale creation:
INSERT INTO DATA_SALE (ID, VERSION, NAME, EXPIRED, DATA_OWNER) VALUES ('111111', TO_TIMESTAMP('25.06.12 11:34:04,272000000', 'DD.MM.RR HH24:MI:SS,FF'), 'ImpressionClick', TO_TIMESTAMP('25.10.13 11:33:27,572000000', 'DD.MM.RR HH24:MI:SS,FF'), '4101');
INSERT INTO DATA_SALE_CONSUMER (ID, VERSION, APPLICATION, DATA_SALE, CONSUMER_ENTITY) VALUES ('222221', TO_TIMESTAMP('25.06.12 11:34:04,274000000', 'DD.MM.RR HH24:MI:SS,FF'), '3151', '111111', '4234');
INSERT INTO DATA_OWNER_CATEGORY (ID, VERSION, DATA_SALE, DATA_CATEGORY) VALUES ('333331', TO_TIMESTAMP('25.06.12 11:34:04,275000000', 'DD.MM.RR HH24:MI:SS,FF'), '111111', '11995431');
INSERT INTO DATA_OWNER_CATEGORY (ID, VERSION, DATA_SALE, DATA_CATEGORY) VALUES ('333332', TO_TIMESTAMP('25.06.12 11:34:04,275000000', 'DD.MM.RR HH24:MI:SS,FF'), '111111', '11995579');

--Audience Segment creation:
INSERT INTO AUDIENCE_SEGMENT (ID, VERSION, NAME, ACTIVE, DATA_CONSUMER, STATUS) VALUES ('22224', TO_TIMESTAMP('18.06.12 05:32:57,657000000', 'DD.MM.RR HH24:MI:SS,FF'), 'AS4', '1', '4234', '3352');
INSERT INTO DATA_OUT_PARAMETER (ID, VERSION, NAME, VALUE, AUDIENCE_SEGMENT, DFP) VALUES ('33334', TO_TIMESTAMP('19.06.12 03:01:34,739000000', 'DD.MM.RR HH24:MI:SS,FF'), 'rasegs', 'test=impres3', '22224', '1');
INSERT INTO AUDIENCE_SEGMENT (ID, VERSION, NAME, ACTIVE, DATA_CONSUMER, STATUS) VALUES ('22225', TO_TIMESTAMP('18.06.12 05:32:57,657000000', 'DD.MM.RR HH24:MI:SS,FF'), 'AS5', '1', '4234', '3352');
INSERT INTO DATA_OUT_PARAMETER (ID, VERSION, NAME, VALUE, AUDIENCE_SEGMENT, DFP) VALUES ('33335', TO_TIMESTAMP('19.06.12 03:01:34,739000000', 'DD.MM.RR HH24:MI:SS,FF'), 'rasegs', 'test=impres4', '22225', '0');

--Sections creation:
INSERT INTO SECTION (ID, VERSION, NAME, DATA_SOURCE, AUDIENCE_SEGMENT) VALUES ('44444', TO_TIMESTAMP('19.06.12 03:08:42,723000000', 'DD.MM.RR HH24:MI:SS,FF'), 'Section', '11995001', '22224');
INSERT INTO SECTION (ID, VERSION, NAME, DATA_SOURCE, AUDIENCE_SEGMENT) VALUES ('44445', TO_TIMESTAMP('19.06.12 03:08:42,723000000', 'DD.MM.RR HH24:MI:SS,FF'), 'Section', '11995001', '22225');

--Subsections creation:
INSERT INTO SUBSECTION (ID, VERSION, THRESHOLD, SECTION, DISPLAY_ORDER, NOT_OPERATION) VALUES ('55554', TO_TIMESTAMP('19.06.12 03:08:42,724000000', 'DD.MM.RR HH24:MI:SS,FF'), '27', '44444', '1', '0');
INSERT INTO SUBSECTION_CATEGORY_MAPPING (ID, VERSION, SUBSECTION, CATEGORY) VALUES ('66664', TO_TIMESTAMP('19.06.12 03:08:42,725000000', 'DD.MM.RR HH24:MI:SS,FF'), '55554', '11995434');
INSERT INTO SUBSECTION (ID, VERSION, THRESHOLD, SECTION, DISPLAY_ORDER, NOT_OPERATION) VALUES ('55555', TO_TIMESTAMP('19.06.12 03:08:42,724000000', 'DD.MM.RR HH24:MI:SS,FF'), '27', '44445', '1', '0');
INSERT INTO SUBSECTION_CATEGORY_MAPPING (ID, VERSION, SUBSECTION, CATEGORY) VALUES ('66665', TO_TIMESTAMP('19.06.12 03:08:42,725000000', 'DD.MM.RR HH24:MI:SS,FF'), '55555', '11995579');

--Creation of Data Campaigns:
INSERT INTO DATA_CAMPAIGN (ID, VERSION, NAME, AUDIENCE_SEGMENT, STATUS, DATA_CONSUMER, CREATED_BY, IMPRESSION_PIXEL) VALUES ('77774', TO_TIMESTAMP('19.06.12 04:18:17,968000000', 'DD.MM.RR HH24:MI:SS,FF'), 'DC4', '22224', '3405', '4234', 'alena', '11119');
INSERT INTO DATA_CAMPAIGN_AUDIENCE_GROUPS (DATA_CAMPAIGN, AUDIENCE_GROUPS) VALUES ('77774', '99999');
INSERT INTO DATA_CAMPAIGN_PROPERTY (ID, VERSION, START_DATE, END_DATE, BUDGET, REMAINING_BUDGET, PACING_OPTION, SECTION, DATA_CAMPAIGN) VALUES ('88884', TO_TIMESTAMP('19.06.12 04:18:13,670000000', 'DD.MM.RR HH24:MI:SS,FF'), TO_TIMESTAMP('19.06.12 00:00:00,000000000', 'DD.MM.RR HH24:MI:SS,FF'), TO_TIMESTAMP('30.07.13 00:00:00,000000000', 'DD.MM.RR HH24:MI:SS,FF'), '1000', '1000', '3420', '44444', '77774');
INSERT INTO DATA_CAMPAIGN (ID, VERSION, NAME, AUDIENCE_SEGMENT, STATUS, DATA_CONSUMER, CREATED_BY, IMPRESSION_PIXEL) VALUES ('77775', TO_TIMESTAMP('19.06.12 04:18:17,968000000', 'DD.MM.RR HH24:MI:SS,FF'), 'DC5', '22225', '3405', '4234', 'alena', '11119');
INSERT INTO DATA_CAMPAIGN_AUDIENCE_GROUPS (DATA_CAMPAIGN, AUDIENCE_GROUPS) VALUES ('77775', '99999');
INSERT INTO DATA_CAMPAIGN_PROPERTY (ID, VERSION, START_DATE, END_DATE, BUDGET, REMAINING_BUDGET, PACING_OPTION, SECTION, DATA_CAMPAIGN) VALUES ('88885', TO_TIMESTAMP('19.06.12 04:18:13,670000000', 'DD.MM.RR HH24:MI:SS,FF'), TO_TIMESTAMP('19.06.12 00:00:00,000000000', 'DD.MM.RR HH24:MI:SS,FF'), TO_TIMESTAMP('30.07.13 00:00:00,000000000', 'DD.MM.RR HH24:MI:SS,FF'), '500', '500', '3420', '44445', '77775');













